conselho ;conselheiro;setor;posicao
Saúde;Abdu Neme Jorge Makhluf Neto ;Poder Público;Titular
Saúde;Sávio Sabóia da Fonseca;Poder Público;Suplente
Saúde;José Felipe Quintanilha França;Poder Público;Titular
Saúde;Ralph Ferreira de Noronha Oliveira;Poder Público;Suplente
Saúde;Cíntia Ferrini Farias;Poder Público;Titular
Saúde;Fernanda Gomes de Vasconcellos Sales;Poder Público;Suplente
Saúde;Elisa Lima mayerhoffer Peralva;Poder Público;Titular
Saúde;José Carlos Henrique Alves ;Poder Público;Suplente
Saúde;Valéria Corrêa Lopes;Poder Público;Titular
Saúde;Jarbas da Fonseca Carneiro Júnior;Poder Público;Suplente
Saúde;Geraldo Augusto Pinto Venâncio;Prestadores de Serviços na Área de Saúde;Titular
Saúde;Flávio Persilva Hoelzle;Prestadores de Serviços na Área de Saúde;Suplente
Saúde;Jorge Luiz de Almeida Miranda;Prestadores de Serviços na Área de Saúde;Titular
Saúde;Marco Antônio Gomes Velloso de Carvalho;Prestadores de Serviços na Área de Saúde;Suplente
Saúde;Benedito Waldyr Pohl;Prestadores de Serviços na Área de Saúde;Titular
Saúde;Almir Quitete de Lima Filho;Prestadores de Serviços na Área de Saúde;Suplente
Saúde;Cléber Glória Silva;Prestadores de Serviços na Área de Saúde;Titular
Saúde;Paulo Roberto Pereira;Prestadores de Serviços na Área de Saúde;Suplente
Saúde;Eliete Maria Alves do Rosário ;Prestadores de Serviços na Área de Saúde;Titular
Saúde;Edmar Cruz Teixeira;Prestadores de Serviços na Área de Saúde;Suplente
Saúde;José Roberto Crespo de Souza;Representante dos Profi ssionais de Saúde;Titular
Saúde;Giovanni Lhamas Coelho;Representante dos Profi ssionais de Saúde;Suplente
Saúde;Valdir dos Santos Rodrigues Filho;Representante dos Profi ssionais de Saúde;Titular
Saúde;Ilsom Martins de Azevedo;Representante dos Profi ssionais de Saúde;Suplente
Saúde;Antônia Rodrigues Corrêa;Representante dos Profi ssionais de Saúde;Titular
Saúde;Amaro Michel Bissonho Calil;Representante dos Profi ssionais de Saúde;Suplente
Saúde;Abel da Silva Santos;Representante dos Profi ssionais de Saúde;Titular
Saúde;Elizabeth Neves Fernandes Miquilito;Representante dos Profi ssionais de Saúde;Suplente
Saúde;Vanda Terezinha Vasconcelos;Representante dos Profi ssionais de Saúde;Titular
Saúde;Ana Paula Galvão Baptista;Representante dos Profi ssionais de Saúde;Suplente
Saúde;Shirley Rangel Gomes;Formadores de Recursos Humanos na Área de Saúde;Titular
Saúde;Gutielle Carvalhal Botelho Bustilho Faria;Formadores de Recursos Humanos na Área de Saúde;Suplente
Saúde;Edilbert Pellegrini Nahn Júnior;Formadores de Recursos Humanos na Área de Saúde;Titular
Saúde;Luiz Clóvis Parente Soares;Formadores de Recursos Humanos na Área de Saúde;Suplente
Saúde;Helena Kiyomi Hokamura;Formadores de Recursos Humanos na Área de Saúde;Titular
Saúde;Leonardo Serafim da Silveira;Formadores de Recursos Humanos na Área de Saúde;Suplente
Saúde;Bárbara de Oliveira Figueiredo;Formadores de Recursos Humanos na Área de Saúde;Titular
Saúde;Paula Clark Barreto;Formadores de Recursos Humanos na Área de Saúde;Suplente
Saúde;Viviane Aparecida Siqueira Lopes;Formadores de Recursos Humanos na Área de Saúde;Titular
Saúde;Maria Clélia Pinto Coelho;Formadores de Recursos Humanos na Área de Saúde;Suplente
Saúde;Edgard Andrade Corrêa ;Segmento Usuários;Titular
Saúde;Francielli Moreira e Silva Acácio  ;Segmento Usuários;Suplente
Saúde;Vânia Cristina Coutinho de Souza;Segmento Usuários;Titular
Saúde;Luiz Sérgio de Carvalho;Segmento Usuários;Suplente
Saúde;Rosimara Andrade de Souza;Segmento Usuários;Titular
Saúde;Luciana Pereira Muniz;Segmento Usuários;Suplente
Saúde;Jair Araújo Júnior;Segmento Usuários;Titular
Saúde;Vera Lúcia Ribeiro Félix;Segmento Usuários;Suplente
Saúde;Estevão Souza de Azevedo;Segmento Usuários;Titular
Saúde;Wilson Paes Júnior;Segmento Usuários;Suplente
Saúde;Ricardo Luiz da Silva Araújo;Segmento Usuários;Titular
Saúde;Rossini Peralva Neto;Segmento Usuários;Suplente
Saúde;Renildo Santiago Goulart;Segmento Usuários;Titular
Saúde;João Acácio Filho;Segmento Usuários;Suplente
Saúde;Maria José serafim Jorge de Oliveira ;Segmento Usuários;Titular
Saúde;Rosemery Nascimento Silva;Segmento Usuários;Suplente
Saúde;Jordecy Rocha;Segmento Usuários;Titular
Saúde;Sérgio Luís Rocha Ritter;Segmento Usuários;Suplente
Saúde;João Paulo da Costa Cunha;Segmento Usuários;Titular
Saúde;Hernandes Passos Virginio;Segmento Usuários;Suplente
Saúde;Cinézio Sales Manhães Filho;Segmento Usuários;Titular
Saúde;Lucas Santos Siqueira Santana;Segmento Usuários;Suplente
Saúde;Ricardo Gonçalves de Carvalho;Segmento Usuários;Titular
Saúde;Jacques Douglas Pinto Lopes;Segmento Usuários;Suplente
Saúde;Ronald de Souza Pereira;Segmento Usuários;Titular
Saúde;Sérgio de Azevedo Almeida;Segmento Usuários;Suplente
Saúde;Sebastiana Abreu dos Santos da Silva;Segmento Usuários;Titular
Saúde;Alex Gomes da Motta;Segmento Usuários;Suplente
Saúde;Rodrigo Ferreira Pereira;Segmento Usuários;Titular
Saúde;Claudia de Jesus Barreto de Carvalho;Segmento Usuários;Suplente
Saúde;Gerson Ferreira Maciel ;Segmento Usuários;Titular
Saúde;Ester Fabiana Cordeiro Matias;Segmento Usuários;Suplente
Saúde;Izabela Appolinário de Souza;Segmento Usuários;Titular
Saúde;Ketelle dos Santos de Souza;Segmento Usuários;Suplente
Saúde;Aderbal da Paixão Gomes de Souza;Segmento Usuários;Titular
Saúde;Patrick Bruno da Rosa Manhães;Segmento Usuários;Suplente
Saúde;Gina Cláudia Pereira Chácar Rangel;Segmento Usuários;Titular
Saúde;João Manoel Rangel ;Segmento Usuários;Suplente
Saúde;Tiago Flávio Lisboa Telles Ferreira;Segmento Usuários;Titular
Saúde;Raul Ferrarez;Segmento Usuários;Suplente
Educação;Brand Arenari;;presidente
Educação;Rafael Pinheiro Caetano Damasceno;;vice-presidente
Educação;Jane de Azevedo Andrade;;Titular
Educação;Regina Auxiliadora Lannes Barreto Pereira;;Suplente
Educação;Joilza Rangel Abreu;;Titular
Educação;Álvaro César Gomes Faria;;Suplente
Educação;Rosana Corrêa Juncá;;Titular
Educação;Anizete Évio de Souza Viana;;Suplente
Educação;Maria Cristina Torres Lima;;Titular
Educação;Vinicius Soares Barbosa;;Suplente
Educação;Maria Rita Fundão Maciel;;Titular
Educação;Denise Cardoso Alves;;Suplente
Educação;Fábio Gustavo Viana Siqueira;;Titular
Educação;Vera Lúcia Ribeiro Félix;;Suplente
Educação;Tânia Silva Sá Viana;;Titular
Educação;Patrícia Cristosan;;Suplente
Educação;Odisseia Pinto de Carvalho;;Titular
Educação;Graciete Santana Nogueira Nunes;;Suplente
Educação;Patrícia de Paula Baía;;Titular
Educação;Patrícia Ferreira de Carvalho;;Suplente
Educação;Francisco Carlos Faria Bernardino;;Titular
Educação;Carina da Silva Gomes;;Suplente
Educação;Isabel Cristina Pinto Pinheiro;;Titular
Educação;Otávia Dias;;Suplente
Educação;Jefferson Manhães de Azevedo;;Titular
Educação;Saionara Rosa da Cruz;;Suplente
Educação;Heloisa Helena Queiroz Rocha Pacheco da Silva;;Titular
Educação;Francione de França Fonseca;;Suplente
Educação;Odete Pereira da Rocha;;Titular
Educação;Helmar Amorim de Souza Oliveira;;Suplente
Assistência Social;Renato Gonçalves dos Santos;Sociedade Civil;Titular
Assistência Social;Débora de Paula Souza Inácio;Sociedade Civil;Suplente
Assistência Social;Ricardo Luiz da Silva Araújo;Sociedade Civil;Titular
Assistência Social;Marcelo Pizani Boldes;Sociedade Civil;Suplente
Assistência Social;Cintia Dutra da Silva Bensi;Sociedade Civil;Titular
Assistência Social;Hilda Márcia Soares Monteiro;Sociedade Civil;Suplente
Assistência Social;Francisco de Assis do Nascimento;Sociedade Civil;Titular
Assistência Social;Jorge Luiz Dias Machado;Sociedade Civil;Suplente
Assistência Social;Bruna Machel da Silva Moraes Azevedo;Sociedade Civil;Titular
Assistência Social;Cristiane Gomes Monteiro;Sociedade Civil;Titular
Assistência Social;Ângela Maria Correa Pereira;Sociedade Civil;Suplente
Assistência Social;Érica Gomes Martins;Sociedade Civil;Titular
Assistência Social;Tatiana da Costa Gomes;Sociedade Civil;Suplente
Assistência Social;Janaína Monteiro Alves Mandu;Sociedade Civil;Titular
Assistência Social;Eliana Monteiro Feres;Sociedade Civil;Suplente
Assistência Social;Ketnen Rose Medeiros Barreto;Sociedade Civil;Titular
Assistência Social;Liliane Cardoso D`Almeida;Sociedade Civil;Suplente
Assistência Social;Ederton Quemel Rossini;Sociedade Civil;Titular
Assistência Social;Luciana Fernandes Caldas;Sociedade Civil;Suplente
Assistência Social;Elma Coelho Nunes Sizenando;Poder Público ;Titular
Assistência Social;Aline Maria S. C. Giovannini;Poder Público ;Suplente
Assistência Social;Diovane Rodrigues Gonçalves;Poder Público ;Titular
Assistência Social;Marcio Ribeiro Leandro;Poder Público ;Suplente
Assistência Social;Amanda Aparecida Passalini;Poder Público ;Titular
Assistência Social;Eliane Nogueira Gomes;Poder Público ;Suplente
Assistência Social;Rogério Matoso;Poder Público ;Titular
Assistência Social;Patrícia Nani Beyruth;Poder Público ;Suplente
Assistência Social;Natália Chalita Ribeiro;Poder Público ;Titular
Assistência Social;Laura Burla Maciel;Poder Público ;Suplente
Assistência Social;Alonso Bartolazzi Barbosa;Poder Público ;Titular
Assistência Social;Heitor Andrade Gomes Carvalho dos Santos;Poder Público ;Suplente
Assistência Social;Thiago Nunes Pimentel;Poder Público ;Titular
Assistência Social;Raquel Viana Siqueira;Poder Público ;Suplente
Assistência Social;Beatriz Mateus Pereira;Poder Público ;Titular
Assistência Social;Natália Campolino Moussallem;Poder Público ;Suplente
Assistência Social;Fernando Antonio Leite Cabral Loureiro;Poder Público ;Titular
Assistência Social;Mônica de Souza Gomes;Poder Público ;Suplente
Assistência Social;João Victor de Lima Coutinho Gomes de Vasconcelos;Poder Público ;Titular
Assistência Social;Maria Helena de Souza Pereira;Poder Público ;Suplente
Segurança Alimentar e Nutricional;José Armando Ribeiro Barreto;Poder Público;Titular
Segurança Alimentar e Nutricional;Marcel Cardoso e Cardoso;Poder Público;Suplente
Segurança Alimentar e Nutricional;Carlos Ronald Macabu;Poder Público;Titular
Segurança Alimentar e Nutricional;Diogo Sodré Figueiredo Ferreira;Poder Público;Suplente
Segurança Alimentar e Nutricional;Marcia Valéria Soares Assad;Poder Público;Titular
Segurança Alimentar e Nutricional;Danielle da Cunha Lessa Quillici;Poder Público;Suplente
Segurança Alimentar e Nutricional;Jaqueline dos Santos Paes Andrade;Poder Público;Titular
Segurança Alimentar e Nutricional;Fabíola Caldeira Ferreira;Poder Público;Suplente
Segurança Alimentar e Nutricional;Paulo Honorato;Sociedade Civil;Titular
Segurança Alimentar e Nutricional;Valquiria Rocha Servo;Sociedade Civil;Suplente
Segurança Alimentar e Nutricional;Elenilson do Espírito Santo;Sociedade Civil;Titular
Segurança Alimentar e Nutricional;Patrícia Xavier Honorato;Sociedade Civil;Titular
Segurança Alimentar e Nutricional;Tatiana dos Santos Almeida;Sociedade Civil;Suplente
Segurança Alimentar e Nutricional;Maria de Lourdes Cruz Nascimento Magno;Sociedade Civil;Titular
Segurança Alimentar e Nutricional;Amaro da Silva Lopes;Sociedade Civil;Suplente
Segurança Alimentar e Nutricional;Lucimara Pereira Muniz;Sociedade Civil;Titular
Segurança Alimentar e Nutricional;Luciana Pereira Muniz;Sociedade Civil;Suplente
Segurança Alimentar e Nutricional;Érica Gomes Martins;Sociedade Civil;Titular
Segurança Alimentar e Nutricional;Sueli da Silva;Sociedade Civil;Suplente
Segurança Alimentar e Nutricional;Francisco de Assis do Nascimento;Sociedade Civil;Titular
Segurança Alimentar e Nutricional;David Barbosa do Nascimento;Sociedade Civil;Suplente
Segurança Alimentar e Nutricional;Mauro Macedo Campos;sociedade Civil;Titular
Segurança Alimentar e Nutricional;Geraldo Márcio Timóteo;Sociedade Civil;Suplente
Segurança Alimentar e Nutricional;Fabíola Teixeira Azevedo;Sociedade Civil;Titular
Segurança Alimentar e Nutricional;Marcia Aparecida Vieira Mussi;Sociedade Civil;Suplente
Segurança Alimentar e Nutricional;Ricardo Cabral da Cruz;Sociedade Civil;Titular
Segurança Alimentar e Nutricional;Sandro Abreu Cezário;Sociedade Civil;Suplente
Segurança Alimentar e Nutricional;Kamyla de Souza Morgade;Sociedade Civil;Titular
Segurança Alimentar e Nutricional;Gelson Sebastião;Sociedade Civil;Titular
Segurança Alimentar e Nutricional;José Roberto Damaceno Portela;Sociedade Civil;Titular
Segurança Alimentar e Nutricional;Sandro Abreu Cezário;Sociedade Civil;Titular
Direitos da Mulher;Manuelli Batista Ramos;Sociedade Civil;Titular
Direitos da Mulher;Patrícia Dias Silva dos Santos;Sociedade Civil;Suplente
Direitos da Mulher;Lorena Belo Ferreira;Sociedade Civil;Titular
Direitos da Mulher;Tayna Santos Conceição;Sociedade Civil;Suplente
Direitos da Mulher;Rosa Maria Moreira Sales;Sociedade Civil;Titular
Direitos da Mulher;Laisses Vânia dos Santos Rangel;Sociedade Civil;Suplente
Direitos da Mulher;Tatiana da Silva;Sociedade Civil;Titular
Direitos da Mulher;Patrícia Xavier Honorato;Sociedade Civil;Suplente
Direitos da Mulher;Alciléia dos Santos R. do Rosário ;Sociedade Civil;Titular
Direitos da Mulher;Maria José Serafin Jorge;Sociedade Civil;Suplente
Direitos da Mulher;Rosângela Moreira de Azevedo;Sociedade Civil;Titular
Direitos da Mulher;Mara Regina Santos Pereira;Sociedade Civil;Suplente
Direitos da Mulher;Iara Silva Lima Alexandrino;Sociedade Civil;Titular
Direitos da Mulher;Eliana da Silva Goulart;Sociedade Civil;Suplente
Direitos da Mulher;Jéssica Cristina Álvaro de Oliveira;Sociedade Civil;Titular
Direitos da Mulher;Anna Caroline dos Santos Tomaz;Sociedade Civil;Suplente
Direitos da Mulher;Rosângela Gomes Paulo;Sociedade Civil;Titular
Direitos da Mulher;Ilídia Campos da Cunha;Sociedade Civil;Suplente
Direitos da Mulher;Valquiria Rocha Servo;Sociedade Civil;Titular
Direitos da Mulher;Ângela da Costa Barreto;Sociedade Civil;Suplente
Direitos da Mulher;Thaís Siqueira Gomes;Sociedade Civil;Titular
Direitos da Mulher;Nilza Franco Portela;Sociedade Civil;Suplente
Direitos da Mulher;Anne Caroline Afonso F. R. Cardoso;Poder Público;Titular
Direitos da Mulher;Leísia Crespo Rossi;Poder Público;Suplente
Direitos da Mulher;Elisa Mayerhoffer Peralva;Poder Público;Titular
Direitos da Mulher;Giselle da Silva Escocard;Poder Público;Suplente
Direitos da Mulher;Ana Márcia Mercadante Scot;Poder Público;Titular
Direitos da Mulher;Karina Silva Marques Nunes de Souza;Poder Público;Titular
Direitos da Mulher;Natália Campolino Moussallem;Poder Público;Suplente
Direitos da Mulher;Christiane Mazzini Villar Ribeiro;Poder Público;Titular
Direitos da Mulher;Mariá de Azevedo Lyrio Barreto;Poder Público;Suplente
Direitos da Mulher;Romarilda Ismênia Monteiro de Barros;Poder Público;Titular
Direitos da Mulher;Tatiana Botelho Sampaio;Poder Público;Titular
Direitos da Mulher;Rosana Rosa Ribeiro;Poder Público;Suplente
Direitos da Mulher;Simone Pedro Vieira;Poder Público;Titular
Direitos da Mulher;Flávia Barreto Sales;Poder Público;Titular
Direitos da Mulher;Letícia de Almeida Neto;Poder Público;Suplente
Direitos da Mulher;Juliana Gonçalves Manhães dos Reis;Poder Público;Titular
Direitos da Mulher;Cinara Souza de Oliveira Santos;Poder Público;Suplente
Direitos da Mulher;Josiane Lima Borges Viana;Poder Público;Titular
Direitos da Mulher;Joilza Rangel Abreu;Poder Público;Suplente
Inclusão da Pessoa com Deficiencia;Renato Barbosa Vieira;Poder Público;Titular
Inclusão da Pessoa com Deficiencia;Cristiane Cardoso de Oliveira Ressiguier;Poder Público; Suplente
Inclusão da Pessoa com Deficiencia;Paulo Roberto Pereira Gomes;Poder Público;Titular
Inclusão da Pessoa com Deficiencia;João Luiz de Mello e Silva;Poder Público; Suplente
Inclusão da Pessoa com Deficiencia;Fábio Gonçalves Coboski;Poder Público;Titular
Inclusão da Pessoa com Deficiencia;Nayne Tamy Barreto Neves;Poder Público; Suplente
Inclusão da Pessoa com Deficiencia;Ana Paula Pessanha Cordeiro;Poder Público;Titular
Inclusão da Pessoa com Deficiencia;Sandro César Said Mucci;Poder Público; Suplente
Inclusão da Pessoa com Deficiencia;Gilce Maria de Almeida Sales Cruz;Poder Público;Titular
Inclusão da Pessoa com Deficiencia;Maria Angélica Rocha Gama;Poder Público; Suplente
Inclusão da Pessoa com Deficiencia;Alexis Wallace Sardinha;Poder Público;Titular
Inclusão da Pessoa com Deficiencia;Antônio Julião Pinheiro Neto;Poder Público; Suplente
Inclusão da Pessoa com Deficiencia;Wandick Lobo Neto;Poder Público;Titular
Inclusão da Pessoa com Deficiencia;Maria Helena de Souza Pereira;Poder Público; Suplente
Inclusão da Pessoa com Deficiencia;Romarilda Ismênia Monteiro de Barros;Poder Público;Titular
Inclusão da Pessoa com Deficiencia;Luiz Vagner Cunha Henriques;Poder Público; Suplente
Inclusão da Pessoa com Deficiencia;Beatriz Cruz Siqueira;Poder Público;Titular
Inclusão da Pessoa com Deficiencia;Karla Boa Morte;Poder Público; Suplente
Inclusão da Pessoa com Deficiencia;Lídia Maria Tavares Martins;Poder Público;Titular
Inclusão da Pessoa com Deficiencia;Ingrid faria do Espírito santo Pessanha;Poder Público; Suplente
Inclusão da Pessoa com Deficiencia;Marilane Ferreira do Amaral Pessanha;Sociedade Civil;Titular
Inclusão da Pessoa com Deficiencia;Merilane Lopes Barreto;Sociedade Civil; Suplente
Inclusão da Pessoa com Deficiencia;Naira Regina de Barros Cordeiro Peçanha;Sociedade Civil;Titular
Inclusão da Pessoa com Deficiencia;Paula Barreto Muniz;Sociedade Civil; Suplente
Inclusão da Pessoa com Deficiencia;Maria José Mendonça Rosmaninho de Pinho;Sociedade Civil;Titular
Inclusão da Pessoa com Deficiencia;Josilane Gomes Ribeiro Fernandes de Azevedo;Sociedade Civil; Suplente
Inclusão da Pessoa com Deficiencia;Alessandro Martins Guimarães;Sociedade Civil;Titular
Inclusão da Pessoa com Deficiencia;Maurício Leonardo de Souza Lemos;Sociedade Civil; Suplente
Inclusão da Pessoa com Deficiencia;Angélica Pereira Barreto;Sociedade Civil;Titular
Inclusão da Pessoa com Deficiencia;Geovana Gomes Neves;Sociedade Civil; Suplente
Inclusão da Pessoa com Deficiencia;Marcelo Alves Manhães;Sociedade Civil;Titular
Inclusão da Pessoa com Deficiencia;Sérgio Bonifácio;Sociedade Civil; Suplente
Inclusão da Pessoa com Deficiencia;Márcia Christina de Souza Justiniano;Sociedade Civil;Titular
Inclusão da Pessoa com Deficiencia;Regina Célia Carvalho de Azevedo;Sociedade Civil; Suplente
Inclusão da Pessoa com Deficiencia;Adriana Costa Mothé;Sociedade Civil;Titular
Inclusão da Pessoa com Deficiencia;Gabrielly Monteiro Manhães;Sociedade Civil; Suplente
Inclusão da Pessoa com Deficiencia;Alcilea Lugath da Conceição;Sociedade Civil;Titular
Inclusão da Pessoa com Deficiencia;Thamirys da Silva de Souza;Sociedade Civil; Suplente
Inclusão da Pessoa com Deficiencia;Alcemir da Cruz Belmiro;Sociedade Civil;Titular
Inclusão da Pessoa com Deficiencia;Edson Cordeiro Pacheco;Sociedade Civil; Suplente
Direitos do Idoso;Jucirema Quintanilha Cardim;Sociedade Civil;Titular
Direitos do Idoso;José Pereira;Sociedade Civil;Suplente
Direitos do Idoso;Gilda Maria Gomes Peixoto;Sociedade Civil;Titular
Direitos do Idoso;Milton Peixoto;Sociedade Civil;Suplente
Direitos do Idoso;Maria José Rocha Ricardo;Sociedade Civil;Titular
Direitos do Idoso;Maria Elisa Ferreira de Jesus;Sociedade Civil;Suplente
Direitos do Idoso;Benedito de Jesus dos Santos Braga;Sociedade Civil;Titular
Direitos do Idoso;José Eduardo Ferreira Caetano;Sociedade Civil;Suplente
Direitos do Idoso;Ricardo da Silva Araújo;Sociedade Civil;Titular
Direitos do Idoso;Marcelo Pizane Boldes;Sociedade Civil;Suplente
Direitos do Idoso;Amaro dos Santos Cruz;Sociedade Civil;Titular
Direitos do Idoso;Edná Sales;Sociedade Civil;Suplente
Direitos do Idoso;Marta Aparecida Vieira;Sociedade Civil;Titular
Direitos do Idoso;Antônio Carlos Rodrigues dos Santos;Sociedade Civil;Suplente
Direitos do Idoso;Rosalee Santos Crespo Istoe;Sociedade Civil;Titular
Direitos do Idoso;Fernanda Gonçalves Fernandes;Sociedade Civil;Suplente
Direitos do Idoso;Laura Burla Maciel;Poder Público;Titular
Direitos do Idoso;Nathália Chalita Ribeiro;Poder Público;Suplente
Direitos do Idoso;Carla Aparecida Gomes de Azeredo;Poder Público;Titular
Direitos do Idoso;Bianca da Silva Ferreira;Poder Público;Suplente
Direitos do Idoso;Alciene Azeredo de Souza;Poder Público;Titular
Direitos do Idoso;Oresten Soares de Almeida Júnior;Poder Público;Suplente
Direitos do Idoso;Mary Lúcia do Espírito Santo Pessanha;Poder Público;Titular
Direitos do Idoso;Ana Paula P. Oliveira Cordeiro;Poder Público;Suplente
Direitos do Idoso;Antônio Julião Pinheiro Neto;Poder Público;Titular
Direitos do Idoso;Renato Dumas de Oliveira;Poder Público;Suplente
Direitos do Idoso;Rogério Fernandes Ribeiro Gomes;Poder Público;Titular
Direitos do Idoso;Luiz Vagner Cunha Henriques;Poder Público;Suplente
Direitos do Idoso;Carlos Alberto Pessanha Dias;Poder Público;Titular
Direitos do Idoso;Wellington Passos;Poder Público;Suplente
Direitos do Idoso;Maria Cristina Torres Lima;Poder Público;Titular
Direitos do Idoso;Filipe Godoy Azeredo;Poder Público;Suplente
Criança e adolescente;Sana Gimenes Alvarenga Domingues;Poder Público;Titular
Criança e adolescente;Bernardo Berbert Molina;Poder Público;Suplente
Criança e adolescente;Kátia Beatriz Azevedo V. Noronha;Poder Público;Titular
Criança e adolescente;Iohana Fernanda Carneiro Barreto;Poder Público;Suplente
Criança e adolescente;Maria Auxiliadora de Sousa Pourbaix;Poder Público;Titular
Criança e adolescente;Maria Júlia Nunes Andrade;Poder Público;Suplente
Criança e adolescente;Fábio Gomes de Freitas Bastos;Poder Público;Titular
Criança e adolescente;Ricardo da Silva Viana;Poder Público;Suplente
Criança e adolescente;Daniela Vivas Gonçalves;Poder Público;Titular
Criança e adolescente;Maria de Jesus Abílio Nogueira;Poder Público;Suplente
Criança e adolescente;Cláudio Freitas Artiles;Poder Público;Titular
Criança e adolescente;Gilce Maria de Almeida Sales Cruz;Poder Público;Suplente
Criança e adolescente;Rogério Fernandes Ribeiro Gomes;Poder Público;Titular
Criança e adolescente;Marcelo de Carvalho Barreto;Poder Público;Suplente
Criança e adolescente;Bianca da Silva Firmino Ferreira;Poder Público;Titular
Criança e adolescente;Beatriz Mateus Pereira;Poder Público;Suplente
Criança e adolescente;Luzia Medeiros da Silva;Sociedade civil;Titular
Criança e adolescente;Anderson Esteves da Silva;Sociedade civil;Suplente
Criança e adolescente;Juliana Escocard Lopes Terra;Sociedade civil;Titular
Criança e adolescente;Luciana Custódio Soares;Sociedade civil;Suplente
Criança e adolescente;Renato Gonçalves dos Santos;Sociedade civil;titular
Criança e adolescente;Merilane Lopes Barreto;Sociedade civil;Suplente
Criança e adolescente;Jerusa Raquel dos Santos Ferreira Guedes Farias;Sociedade civil;titular
Criança e adolescente;Fernanda Azeredo Caldas Coutinho;Sociedade civil;Suplente
Criança e adolescente;Fernando César Gomes ;Sociedade civil;titular
Criança e adolescente;Carlos Lima Alves;Sociedade civil;Suplente
Criança e adolescente;Paulo Santos Freitas Júnior;Sociedade civil;titular
Criança e adolescente;Evelyn Rebouças de Gouvêa;Sociedade civil;Suplente
Criança e adolescente;Elson da Silva Leal;Sociedade civil;Titular
Cultura;Sarah Cristina Costa Pereira;Poder Público;Titular
Cultura;Karina Barra Gomes;Poder Público;Suplente
Cultura;Hans Muylaert;Poder Público;Titular
Cultura;Maria Aparecida Praxedes da Penha;Poder Público;Suplente
Cultura;Maria Cristina Torres Lima;Poder Público;Titular
Cultura;Fernando Leite Fernandes;Poder Público;Suplente
Cultura;Maurício de Moura Caldas Xexéo;Poder Público;Titular
Cultura;Vera Lúcia Carvalho de Oliveira;Poder Público;Suplente
Cultura;Carlos Roberto Bastos Freitas;Poder Público;Titular
Cultura;Rafaela Machado Ribeiro;Poder Público;Suplente
Cultura;Pedro Lincoln Bastos Bessa;Poder Público;Titular
Cultura;Rodrigo Espinosa Andrade;Poder Público;Suplente
Cultura;Rogério Soares de Siqueira;Poder Público;Titular
Cultura;Simonne Pedro Vieira;Poder Público;Suplente
Cultura;Graziela Escocard Ribeiro;Poder Público;Titular
Cultura;Denise Gonçalves Diniz;Poder Público;Suplente
Cultura;Eleonora Peçanha Paes;Poder Público;Titular
Cultura;Ramon Terra de Siqueira;Poder Público;Suplente
Cultura;Cláudia Siqueira Alvarenga Ferreira;Poder Público;Titular
Cultura;Izabele Sardinha Costa;Poder Público;Suplente
Cultura;José Carlos Gonçalves Monteiro;Poder Público;Titular
Cultura;Cláudio Nogueira Andrade Filho;Poder Público;Suplente
Cultura;Paulo Roberto Gonçalves;Sociedade civil;Titular
Cultura;Takna Mendonça Formaggini;Sociedade civil;Suplente
Cultura;Cássio Leandro Moreira Peixoto;Sociedade civil;Titular
Cultura;Wellington Cordeiro;Sociedade civil;Suplente
Cultura;Joilson Bessa da Silva;Sociedade civil;Titular
Cultura;Humberto Moreira Rangel;Sociedade civil;Suplente
Cultura;Marcelo Pereira de Carvalho Sampaio;Sociedade civil;Titular
Cultura;Elzana da Silva Pereira;Sociedade civil;Suplente
Cultura;Mariana de Freitas Fagundes;Sociedade civil;Titular
Cultura;Tarianne da Silva Pinto Bertoza;Sociedade civil;Suplente
Cultura;Sylvia Marcia da Silva Paes;Sociedade civil;Titular
Cultura;Rossini Reis;Sociedade civil;Suplente
Cultura;Kátia Macabu de Sousa Soares;Sociedade civil;Titular
Cultura;Iara de Souza Lima;Sociedade civil;Suplente
Cultura;Elis de Araújo Miranda;Sociedade civil;Titular
Cultura;Jonas Defante Terra;Sociedade civil;Suplente
Cultura;Ronaldo Henrique Barbosa Júnior;Sociedade civil;Titular
Cultura;Vilmar Ferreira Rangel;Sociedade civil;Suplente
Cultura;Anderson Luiz Barreto da Silva;Sociedade civil;Titular
Cultura;Peterson Lobato Azevedo;Sociedade civil;Suplente
Cultura;Humberto Fernandes;Sociedade civil;Titular
Cultura;Edmilson Antônio Mota;Sociedade civil;Suplente
Cultura;Fabrício da Silva Simões;Sociedade civil;Titular
Cultura;Liana Macabu de Sousa Soares;Sociedade civil;Suplente
ALIMENTAÇÃO ESCOLAR ;Wagner de Paula Almeida Pereira;Poder Público;titular
ALIMENTAÇÃO ESCOLAR ; Alessandra Frasnelli Faria;Poder Público;Suplente
ALIMENTAÇÃO ESCOLAR ;Ilbenir Pessanha Crespo;Sociedade civil;titular
ALIMENTAÇÃO ESCOLAR ;Ricardo Gonçalves de Carvalho;Sociedade civil;Suplente
ALIMENTAÇÃO ESCOLAR ;Rosana Corrêa Juncá;Sociedade civil;titular
ALIMENTAÇÃO ESCOLAR ;Maria Aparecida Imbeloni Henriques;Sociedade civil;Suplente
ALIMENTAÇÃO ESCOLAR ;Maria Helena Cordeiro;Sociedade civil;titular
ALIMENTAÇÃO ESCOLAR ;Fabiana Campista Angelo;Sociedade civil;Suplente
ALIMENTAÇÃO ESCOLAR ;Érika Alves da Silva Ramos;Sociedade civil;titular
ALIMENTAÇÃO ESCOLAR ;Cristiane dos Passos da Silva;Sociedade civil;Suplente
ALIMENTAÇÃO ESCOLAR ;Helmar Amorim de Souza Oliveira;;titular
ALIMENTAÇÃO ESCOLAR ;Odete Pereira da Rocha;;Suplente
ALIMENTAÇÃO ESCOLAR ;Dalicéa Schueller dos Santos;;titular
ALIMENTAÇÃO ESCOLAR ;Isabel Cristina Pinto Pinheiro;;Suplente
Meio Ambiente e Saneamento;Carlos Ronald Macabu Arêas;Poder Público;Titular
Meio Ambiente e Saneamento;Roger Rangel Coutinho;Poder Público;Suplente
Meio Ambiente e Saneamento;Francisco Eduardo Leal;Poder Público;Titular
Meio Ambiente e Saneamento;Cirabel Ribeiro Paes;Poder Público;Suplente
Meio Ambiente e Saneamento;Ivan Lúcio Reis Fagundes;Poder Público;Titular
Meio Ambiente e Saneamento;Leandro Paiva Silva;Poder Público;Suplente
Meio Ambiente e Saneamento;Doménico de Souza Ribeiro;Poder Público;Titular
Meio Ambiente e Saneamento;André Luis da Silva Boviot;Poder Público;Suplente
Meio Ambiente e Saneamento;José Quintino Barreto Neto;Poder Público;Titular
Meio Ambiente e Saneamento;Larissa Ferreira Rocha;Poder Público;Suplente
Meio Ambiente e Saneamento;Hans Muylaert;Poder Público;Titular
Meio Ambiente e Saneamento;Maria Aparecida Praxedes da Penha;Poder Público;Suplente
Meio Ambiente e Saneamento;Tânia Márcia Ferreira Freitas;Poder Público;Titular
Meio Ambiente e Saneamento;Lilian Neto Barroso;Poder Público;Suplente
Meio Ambiente e Saneamento;Nildo Nunes Cardoso;Poder Público;Titular
Meio Ambiente e Saneamento;Gedison Canal Cesati;Poder Público;Suplente
Meio Ambiente e Saneamento;George Mendes Marinho;Sociedade civil;Titular
Meio Ambiente e Saneamento;Paulo Jorge Xavier de Souza;Sociedade civil;Suplente
Meio Ambiente e Saneamento;Ronaldo Bartholomeu dos Santos Filho;Sociedade civil;Titular
Meio Ambiente e Saneamento;José do Amaral Ribeiro Gomes;Sociedade civil;Suplente
Meio Ambiente e Saneamento;Ricardo Cabral da Cruz;Sociedade civil;Titular
Meio Ambiente e Saneamento;Sandro Abreu Cezario;Sociedade civil;Suplente
Meio Ambiente e Saneamento;Daniella Torres de Almeida Pereira;Sociedade civil;Titular
Meio Ambiente e Saneamento;Luis Maurício Nogueira de Andrade;Sociedade civil;Suplente
Meio Ambiente e Saneamento;Milton Erthal Junior;Sociedade civil;Titular
Meio Ambiente e Saneamento;Rodrigo Lira;Sociedade civil;Suplente
Meio Ambiente e Saneamento;Aprígio Barcelos;Sociedade civil;Titular
Meio Ambiente e Saneamento;Aline Iara Crissostomo Carvalho Rocha;Sociedade civil;Suplente
Meio Ambiente e Saneamento;Eraldo Mothé Barcelar da Silva;Sociedade civil;Titular
Meio Ambiente e Saneamento;Guilherme Nogueira de Aguiar;Sociedade civil;Suplente
Meio Ambiente e Saneamento;Vanda Terezinha Vasconcelos;Sociedade civil;Titular
Meio Ambiente e Saneamento;Ricardo Venâncio Juliboni;Sociedade civil;Suplente
POLÍTICA AGRÍCOLA E PECUÁRIA;Luisa Barreto Saramago;Poder Público;Titular
POLÍTICA AGRÍCOLA E PECUÁRIA;Luiz Carlos Teixeira Guimarães;Poder Público;Suplente
POLÍTICA AGRÍCOLA E PECUÁRIA;Carlos Frederico de Menezes Veiga;Poder Público;Titular
POLÍTICA AGRÍCOLA E PECUÁRIA;Tamys Luiz Fernandes;Poder Público;Suplente
POLÍTICA AGRÍCOLA E PECUÁRIA;Álvaro César Gomes Faria;Poder Público;Titular
POLÍTICA AGRÍCOLA E PECUÁRIA;Jairo Videira Macedo;Poder Público;Suplente
POLÍTICA AGRÍCOLA E PECUÁRIA;Carlos Ronald Macabu Arêas;Poder Público;Titular
POLÍTICA AGRÍCOLA E PECUÁRIA;Diogo Sodré Figueiredo Ferreira;Poder Público;Suplente
POLÍTICA AGRÍCOLA E PECUÁRIA;Carlos Roberto dos Santos Faria;Poder Público;Titular
POLÍTICA AGRÍCOLA E PECUÁRIA;Jorge Luis de Souza Crespo;Poder Público;Suplente
POLÍTICA AGRÍCOLA E PECUÁRIA;Vera Cardoso de Melo;Poder Público;Titular
POLÍTICA AGRÍCOLA E PECUÁRIA;Ricardo Andrade Corrêa;Poder Público;Suplente
POLÍTICA AGRÍCOLA E PECUÁRIA;Leandro Ramos Barreto;Poder Público;Titular
POLÍTICA AGRÍCOLA E PECUÁRIA;Gedison Cesati Canal;Poder Público;Suplente
POLÍTICA AGRÍCOLA E PECUÁRIA;Wagner de Paula Almeida Pereira;Poder Público;Titular
POLÍTICA AGRÍCOLA E PECUÁRIA;Lucimara Alves de Souza dos Santos;Poder Público;Suplente
POLÍTICA AGRÍCOLA E PECUÁRIA;Danielle da Cunha Lessa Quilici;Poder Público;Titular
POLÍTICA AGRÍCOLA E PECUÁRIA;Márcia Valéria Soares Assed;Poder Público;Suplente
POLÍTICA AGRÍCOLA E PECUÁRIA;Marcel Cardoso e Cardoso;Poder Público;Titular
POLÍTICA AGRÍCOLA E PECUÁRIA;Carlos Vinícius Viana Vieira;Poder Público;Suplente
POLÍTICA AGRÍCOLA E PECUÁRIA;Ronaldo Soares Pinto;Poder Público;Titular
POLÍTICA AGRÍCOLA E PECUÁRIA;José Márcio Ferreira;Poder Público;Suplente
POLÍTICA AGRÍCOLA E PECUÁRIA;Tito Lívio Campello Inojosa de Andrade;Sociedade civil;Titular
POLÍTICA AGRÍCOLA E PECUÁRIA;Luis Marcos Barreto da Silva;Sociedade civil;Suplente
POLÍTICA AGRÍCOLA E PECUÁRIA;Paulo Honorato;Sociedade civil;Titular
POLÍTICA AGRÍCOLA E PECUÁRIA;Paulo Roberto Flôr;Sociedade civil;Suplente
POLÍTICA AGRÍCOLA E PECUÁRIA;Ronaldo Bartholomeu dos Santos Júnior;Sociedade civil;Titular
POLÍTICA AGRÍCOLA E PECUÁRIA;Ângelo José Burla Dias;Sociedade civil;Suplente
POLÍTICA AGRÍCOLA E PECUÁRIA;Jurandir Pereira Neto;Sociedade civil;Titular
POLÍTICA AGRÍCOLA E PECUÁRIA;Elber Salve;Sociedade civil;Suplente
POLÍTICA AGRÍCOLA E PECUÁRIA;João Gomes de Siqueira;Sociedade civil;Titular
POLÍTICA AGRÍCOLA E PECUÁRIA;Zenilson Coutinho do Amaral;Sociedade civil;Suplente
POLÍTICA AGRÍCOLA E PECUÁRIA;Leandro Rodrigues Galaxy;Sociedade civil;Titular
POLÍTICA AGRÍCOLA E PECUÁRIA;Sebastião da Silva;Sociedade civil;Suplente
POLÍTICA AGRÍCOLA E PECUÁRIA;Gil Roberto Afonso de Menezes;Sociedade civil;Titular
POLÍTICA AGRÍCOLA E PECUÁRIA;Maria Agda Pelegrini Rosa;Sociedade civil;Suplente
POLÍTICA AGRÍCOLA E PECUÁRIA;José Luiz Lobo Escocard;Sociedade civil;Titular
POLÍTICA AGRÍCOLA E PECUÁRIA;Ricardo Cabral da Cruz;Sociedade civil;Suplente
POLÍTICA AGRÍCOLA E PECUÁRIA;Rodrigo Braga Souza;Sociedade civil;Titular
POLÍTICA AGRÍCOLA E PECUÁRIA;Eduardo Felipe Nobre Mendonça;Sociedade civil;Suplente
POLÍTICA AGRÍCOLA E PECUÁRIA;Gilberto Soares dos Reis;Sociedade civil;Titular
POLÍTICA AGRÍCOLA E PECUÁRIA;Patrícia Nogueira Buchaul;Sociedade civil;Suplente
POLÍTICA AGRÍCOLA E PECUÁRIA;Frederico Rangel Paes;Sociedade civil;Titular
POLÍTICA AGRÍCOLA E PECUÁRIA;Oziel Batista Crespo Filho;Sociedade civil;Suplente
PROMOÇÃO DA IGUALDADE RACIAL;Rogério Soares de Siqueira;Poder Público;Titular
PROMOÇÃO DA IGUALDADE RACIAL;Ricardo da Silva Viana;Poder Público;Suplente
PROMOÇÃO DA IGUALDADE RACIAL;Graziela Escocard Ribeiro;Poder Público;Titular
PROMOÇÃO DA IGUALDADE RACIAL;Carlos Roberto Bastos Freitas;Poder Público;Suplente
PROMOÇÃO DA IGUALDADE RACIAL;Thaís Chaves Soares Pessanha;Poder Público;Titular
PROMOÇÃO DA IGUALDADE RACIAL;Raquel Almeida Gonçalves Santos;Poder Público;Suplente
PROMOÇÃO DA IGUALDADE RACIAL;Luana Rodrigues da Silva;Poder Público;Titular
PROMOÇÃO DA IGUALDADE RACIAL;Tatiana Freire Ferreira;Poder Público;Suplente
PROMOÇÃO DA IGUALDADE RACIAL;Fernando Antônio Leite Cabral Loureiro;Poder Público;Titular
PROMOÇÃO DA IGUALDADE RACIAL;Maria Angelica Rocha Gama;Poder Público;Suplente
PROMOÇÃO DA IGUALDADE RACIAL;César Siqueira de Souza;Poder Público;Titular
PROMOÇÃO DA IGUALDADE RACIAL;Wellington Passos;Poder Público;Suplente
PROMOÇÃO DA IGUALDADE RACIAL;Rogério Siqueira Dias Maciel;Poder Público;Titular
PROMOÇÃO DA IGUALDADE RACIAL;Marcos Vinícius Soares de Souza;Poder Público;Suplente
PROMOÇÃO DA IGUALDADE RACIAL;José Roberto Pessanha;Poder Público;Titular
PROMOÇÃO DA IGUALDADE RACIAL;José Armando Ribeiro Barreto;Poder Público;Suplente
PROMOÇÃO DA IGUALDADE RACIAL;Roberto Barcellos Pessanha Crespo;Poder Público;Titular
PROMOÇÃO DA IGUALDADE RACIAL;Eliedma Pires Dutra da Conceição;Poder Público;Suplente
PROMOÇÃO DA IGUALDADE RACIAL;Rosângela Gomes Paulo;Poder Público;Titular
PROMOÇÃO DA IGUALDADE RACIAL;Celeste da Silva Gomes;Poder Público;Suplente
PROMOÇÃO DA IGUALDADE RACIAL;Maria José Serafim Jorge;Sociedade civil;Titular
PROMOÇÃO DA IGUALDADE RACIAL;Clécia Maria Almeida;Sociedade civil;Suplente
PROMOÇÃO DA IGUALDADE RACIAL;Patrícia Xavier Honorato;Sociedade civil;Titular
PROMOÇÃO DA IGUALDADE RACIAL;Tatiana dos Santos Almeida;Sociedade civil;Suplente
PROMOÇÃO DA IGUALDADE RACIAL;Lucimara Pereira Muniz;Sociedade civil;Titular
PROMOÇÃO DA IGUALDADE RACIAL;Maurício Teixeira;Sociedade civil;Suplente
PROMOÇÃO DA IGUALDADE RACIAL;Valquiria Rocha Servo;Sociedade civil;Titular
PROMOÇÃO DA IGUALDADE RACIAL;Paulo Honorato;Sociedade civil;Suplente
PROMOÇÃO DA IGUALDADE RACIAL;Manuelli Batista Ramos;Sociedade civil;Titular
PROMOÇÃO DA IGUALDADE RACIAL;Patricia Dias Silva dos Santos;Sociedade civil;Suplente
PROMOÇÃO DA IGUALDADE RACIAL;Gilberto Firmino Coutinho Junior;Sociedade civil;Titular
PROMOÇÃO DA IGUALDADE RACIAL;Leo Darmont de Alvarenga;Sociedade civil;Suplente
PROMOÇÃO DA IGUALDADE RACIAL;Neicia Dabra da Penha Rosa de Araújo;Sociedade civil;Titular
PROMOÇÃO DA IGUALDADE RACIAL;Lediane Reis de Souza;Sociedade civil;Suplente
PROMOÇÃO DA IGUALDADE RACIAL;João José Ribeiro Damásio;Sociedade civil;Titular
PROMOÇÃO DA IGUALDADE RACIAL;Eduardo Robson Guedes de Assis;Sociedade civil;Suplente
PROMOÇÃO DA IGUALDADE RACIAL;Victor Hugo Ribeiro Almeida;Sociedade civil;Titular
PROMOÇÃO DA IGUALDADE RACIAL;Tamillys Lirio da Silva;Sociedade civil;Suplente
PROMOÇÃO DA IGUALDADE RACIAL;Sandro Abreu Cezário;Sociedade civil;Titular
PROMOÇÃO DA IGUALDADE RACIAL;Ricardo Cabral da Cruz;Sociedade civil;Suplente
PRESERVAÇÃO DO PATRIMÔNIO HISTÓRICO E CULTURAL;Maria Cristina Torres Lima;Poder Público;Titular
PRESERVAÇÃO DO PATRIMÔNIO HISTÓRICO E CULTURAL;Rodrigo Espinosa Andrade;Poder Público;Suplente
PRESERVAÇÃO DO PATRIMÔNIO HISTÓRICO E CULTURAL;José Paes Neto;Poder Público;Titular
PRESERVAÇÃO DO PATRIMÔNIO HISTÓRICO E CULTURAL;Paolo Ney Bastos Marques Pereira;Poder Público;Suplente
PRESERVAÇÃO DO PATRIMÔNIO HISTÓRICO E CULTURAL;Marcos Geovane Manhães;Poder Público;Titular
PRESERVAÇÃO DO PATRIMÔNIO HISTÓRICO E CULTURAL;Roger Rangel Coutinho;Poder Público;Suplente
PRESERVAÇÃO DO PATRIMÔNIO HISTÓRICO E CULTURAL;Edison Pessanha Braga;Poder Público;Titular
PRESERVAÇÃO DO PATRIMÔNIO HISTÓRICO E CULTURAL;Isabela Eduardo Rodrigues;Poder Público;Suplente
PRESERVAÇÃO DO PATRIMÔNIO HISTÓRICO E CULTURAL;Cledson Sampaio Bittencourt;Poder Público;Titular
PRESERVAÇÃO DO PATRIMÔNIO HISTÓRICO E CULTURAL;Francisco Eduardo Leal;Poder Público;Suplente
PRESERVAÇÃO DO PATRIMÔNIO HISTÓRICO E CULTURAL;Vitor Montalvão Oliveira;Poder Público;Titular
PRESERVAÇÃO DO PATRIMÔNIO HISTÓRICO E CULTURAL;Edson Moreira dos Reis;Poder Público;Suplente
PRESERVAÇÃO DO PATRIMÔNIO HISTÓRICO E CULTURAL;Brand Arenari;Poder Público;Titular
PRESERVAÇÃO DO PATRIMÔNIO HISTÓRICO E CULTURAL;Francisco Eduardo Freitas Ribeiro dos Santos Filho;Poder Público;Suplente
PRESERVAÇÃO DO PATRIMÔNIO HISTÓRICO E CULTURAL;Fernando Luiz Cavalcanti Loureiro;Sociedade civil;Titular
PRESERVAÇÃO DO PATRIMÔNIO HISTÓRICO E CULTURAL;Rodolpho Carlos Jordão;Sociedade civil;Suplente
PRESERVAÇÃO DO PATRIMÔNIO HISTÓRICO E CULTURAL;João Carlos de Souza Coutinho;Sociedade civil;Titular
PRESERVAÇÃO DO PATRIMÔNIO HISTÓRICO E CULTURAL;Ronaldo Araújo;Sociedade civil;Suplente
PRESERVAÇÃO DO PATRIMÔNIO HISTÓRICO E CULTURAL;Antônio Carlos Ornellas Berriel;Sociedade civil;Titular
PRESERVAÇÃO DO PATRIMÔNIO HISTÓRICO E CULTURAL;Vilmar Ferreira Rangel;Sociedade civil;Suplente
PRESERVAÇÃO DO PATRIMÔNIO HISTÓRICO E CULTURAL;Orlando Lino Pinheiro Portugal;Sociedade civil;Titular
PRESERVAÇÃO DO PATRIMÔNIO HISTÓRICO E CULTURAL;Claudius Marcelo Arêas Alves;Sociedade civil;Suplente
PRESERVAÇÃO DO PATRIMÔNIO HISTÓRICO E CULTURAL;Luis Carlos Cordeiro Chicri;Sociedade civil;Titular
PRESERVAÇÃO DO PATRIMÔNIO HISTÓRICO E CULTURAL;João Elias Waked Filho;Sociedade civil;Suplente
PRESERVAÇÃO DO PATRIMÔNIO HISTÓRICO E CULTURAL;Rodrigo Porto;Sociedade civil;Titular
PRESERVAÇÃO DO PATRIMÔNIO HISTÓRICO E CULTURAL;Geovani Laurindo Filho;Sociedade civil;Suplente
TURISMO;Hans Muylaert;;
TURISMO;Roger Rangel Coutinho;;
TURISMO;Edimilson Mota;;
TURISMO;Eduardo Pozitivo;;
TURISMO;Marcelo Victor Ribeiro Oliveira;;
TURISMO;Paulo Sergio Arantes de Oliveira;;
TURISMO;Enos Gama Junior;;
TURISMO;Everaldo Reis Tavares Rangel;;
TURISMO;Pedro Lincoln Bessa;Poder Público;
TURISMO;Carlos Alberto Pessanha Dias;Poder Público;
TURISMO;Adriano Serra;;
TURISMO;Ivanildo Cordeiro;;
Acompanhamento e Controle Social do Fundo de Manutenção e Desenvolvimento da Educação Básica e de Valorização dos Profissionais da Educação;Guilherme Manhães da Silva;Poder Público;Titular
Acompanhamento e Controle Social do Fundo de Manutenção e Desenvolvimento da Educação Básica e de Valorização dos Profissionais da Educação;Wagner de Paula Almeida Pereira;Poder Público;Suplente
Acompanhamento e Controle Social do Fundo de Manutenção e Desenvolvimento da Educação Básica e de Valorização dos Profissionais da Educação;Rosana de Souza Bastos;Poder Público;Titular
Acompanhamento e Controle Social do Fundo de Manutenção e Desenvolvimento da Educação Básica e de Valorização dos Profissionais da Educação;Renykson dos Santos Jardim;Poder Público;Suplente
Acompanhamento e Controle Social do Fundo de Manutenção e Desenvolvimento da Educação Básica e de Valorização dos Profissionais da Educação;Graciete Santana Nogueira Nunes;Poder Público;Titular
Acompanhamento e Controle Social do Fundo de Manutenção e Desenvolvimento da Educação Básica e de Valorização dos Profissionais da Educação;Odisseia Pinto de Carvalho;Poder Público;Suplente
Acompanhamento e Controle Social do Fundo de Manutenção e Desenvolvimento da Educação Básica e de Valorização dos Profissionais da Educação;Christiane Monteiro Alves Tinoco Leite;Poder Público;Titular
Acompanhamento e Controle Social do Fundo de Manutenção e Desenvolvimento da Educação Básica e de Valorização dos Profissionais da Educação;Priscila Sá Champion Cabral;Poder Público;Suplente
Acompanhamento e Controle Social do Fundo de Manutenção e Desenvolvimento da Educação Básica e de Valorização dos Profissionais da Educação;Andréa da Silva Pinto Lobo de Azeve;Poder Público;Titular
Acompanhamento e Controle Social do Fundo de Manutenção e Desenvolvimento da Educação Básica e de Valorização dos Profissionais da Educação;Dalicea Schuller dos Santos;Poder Público;Suplente
Acompanhamento e Controle Social do Fundo de Manutenção e Desenvolvimento da Educação Básica e de Valorização dos Profissionais da Educação;Jhoni Barros da Silva;Sociedade civil;Titular
Acompanhamento e Controle Social do Fundo de Manutenção e Desenvolvimento da Educação Básica e de Valorização dos Profissionais da Educação;Alexandre da Silva;Sociedade civil;Suplente
Acompanhamento e Controle Social do Fundo de Manutenção e Desenvolvimento da Educação Básica e de Valorização dos Profissionais da Educação;Angela Patrícia Ricardo da Silva;Sociedade civil;Titular
Acompanhamento e Controle Social do Fundo de Manutenção e Desenvolvimento da Educação Básica e de Valorização dos Profissionais da Educação;Patrícia Ferreira de Carvalho;Sociedade civil;Suplente
Acompanhamento e Controle Social do Fundo de Manutenção e Desenvolvimento da Educação Básica e de Valorização dos Profissionais da Educação;Marcos Messias da Silva Santos;Sociedade civil;Titular
Acompanhamento e Controle Social do Fundo de Manutenção e Desenvolvimento da Educação Básica e de Valorização dos Profissionais da Educação;Taísa Santos Dias;Sociedade civil;Suplente
Acompanhamento e Controle Social do Fundo de Manutenção e Desenvolvimento da Educação Básica e de Valorização dos Profissionais da Educação;Gabriel Henrique Barbosa Carvalho;Sociedade civil;Titular
Acompanhamento e Controle Social do Fundo de Manutenção e Desenvolvimento da Educação Básica e de Valorização dos Profissionais da Educação;Ana Luisa Pereira dos Santos Pessanha;Sociedade civil;Suplente
Acompanhamento e Controle Social do Fundo de Manutenção e Desenvolvimento da Educação Básica e de Valorização dos Profissionais da Educação;Helmar Amorim de Souza Oliveira;Sociedade civil;Titular
Acompanhamento e Controle Social do Fundo de Manutenção e Desenvolvimento da Educação Básica e de Valorização dos Profissionais da Educação;Otávia Dias;Sociedade civil;Suplente
Acompanhamento e Controle Social do Fundo de Manutenção e Desenvolvimento da Educação Básica e de Valorização dos Profissionais da Educação;Geovana Oliveira Almeida;Sociedade civil;Titular
Acompanhamento e Controle Social do Fundo de Manutenção e Desenvolvimento da Educação Básica e de Valorização dos Profissionais da Educação;Alessandra Crespo Rosa;Sociedade civil;Suplente
Combate à corrupção;José Paes Neto;Poder Público;Titular
Combate à corrupção;Bruno Glória Silva;Poder Público;Suplente
Combate à corrupção;Marcilene Barreto Nunes Dafl on;Poder Público;Titular
Combate à corrupção;Gisely Nunes Moço Barbosa;Poder Público;Suplente
Combate à corrupção;André Luiz Gomes de Oliveira;Poder Público;Titular
Combate à corrupção;Thaynam Silva Bairral França Gonçalves;Poder Público;Suplente
Combate à corrupção;Mariana Souza Oliveira Lontra Costa;Poder Público;Titular
Combate à corrupção;Sergio Renne Borges de Menezes Junior;Poder Público;Suplente
Combate à corrupção;Ricardo André de Vasconcelos Alvarenga;Sociedade Civil;Titular
Combate à corrupção;Cássio Leandro Moreira Peixoto;Sociedade Civil;Suplente
Combate à corrupção;Sérgio de Azevedo Almeida;Sociedade Civil;Titular
Combate à corrupção;Dalicéa Schueler dos Sant;Sociedade Civil;Suplente
Combate à corrupção;Rafael Crespo Maciel Machado;Sociedade Civil;Titular
Combate à corrupção;Kelly Viter Campos;Sociedade Civil;Suplente
Combate à corrupção;Cláudio Nogueira Andrade Filho;Sociedade Civil;Titular
Combate à corrupção;Paulo César Genásio de Souza;Sociedade Civil;Suplente
Defesa do Consumidor;Douglas Leonard Queiroz Pessanha;Poder Público;Titular
Defesa do Consumidor;Bruno da Silva Lopes;Poder Público;Suplente
Defesa do Consumidor;Robson de Lima Braga;Poder Público;Titular
Defesa do Consumidor;Joana de Freitas Tavares Campista;Poder Público;Suplente
Defesa do Consumidor;Vera Cardoso de Melo;Poder Público;Titular
Defesa do Consumidor;Elana Martins Rodrigues;Poder Público;Suplente
Defesa do Consumidor;Mariano Amorin;poder Público;Titular
Defesa do Consumidor;Janaína Gomes Viana;poder Público;Suplente
Defesa do Consumidor;Nildo Nunes Cardoso;Poder Público;Titular
Defesa do Consumidor;Gedison Cesati Canal;Poder Público;Suplente
Defesa do Consumidor;Rodolpho Carlos Jordão;;Titular
Defesa do Consumidor;Gerson de Souza Gomes;;Suplente
"Conselho Deliberativo do Instituto de Previdência dos Servidores do
Município de Campos dos Goytacazes - PREVICAMPOS";Leonardo Barreto Almeida Filho;Poder Público;Titular
"Conselho Deliberativo do Instituto de Previdência dos Servidores do
Município de Campos dos Goytacazes - PREVICAMPOS";Diego Suisso da Hora;Poder Público;titular
"Conselho Deliberativo do Instituto de Previdência dos Servidores do
Município de Campos dos Goytacazes - PREVICAMPOS";Gisely Nunes Moço Barbosa;Poder Público;titular
"Conselho Deliberativo do Instituto de Previdência dos Servidores do
Município de Campos dos Goytacazes - PREVICAMPOS";Thais de Maria Gomes de Andrade Ramos;Poder Público;suplente
"Conselho Deliberativo do Instituto de Previdência dos Servidores do
Município de Campos dos Goytacazes - PREVICAMPOS";Manuela Rodrigues D'Oliveira Portugal;Poder Público;suplente
"Conselho Deliberativo do Instituto de Previdência dos Servidores do
Município de Campos dos Goytacazes - PREVICAMPOS";Marcos Vinicios Soares de Souza;Poder Público;suplente
"Conselho Deliberativo do Instituto de Previdência dos Servidores do
Município de Campos dos Goytacazes - PREVICAMPOS";Alexandre Crespo Stoller;Sociedade civil;titular
"Conselho Deliberativo do Instituto de Previdência dos Servidores do
Município de Campos dos Goytacazes - PREVICAMPOS";Elaine Fontes Leão;Sociedade civil;titular
"Conselho Deliberativo do Instituto de Previdência dos Servidores do
Município de Campos dos Goytacazes - PREVICAMPOS";Fábio de Azevedo Almeida;Sociedade civil;titular
"Conselho Deliberativo do Instituto de Previdência dos Servidores do
Município de Campos dos Goytacazes - PREVICAMPOS";Mário dos Santos Gomes;Sociedade civil;suplente
"Conselho Deliberativo do Instituto de Previdência dos Servidores do
Município de Campos dos Goytacazes - PREVICAMPOS";Ronald de Souza Pereira;Sociedade civil;suplente
"Conselho Deliberativo do Instituto de Previdência dos Servidores do
Município de Campos dos Goytacazes - PREVICAMPOS";Antônio Augusto de Sá Rodrigues;Sociedade civil;suplente
Gestor do Fundecam;Rogério Fernandes Ribeiro Gomes;Poder Público;Titular
Gestor do Fundecam;Rosana Corrêa Juncá;Poder Público;Suplente
Gestor do Fundecam;Luiz Claudio Vieira;Poder Público;Titular
Gestor do Fundecam;Leonardo Gomes Mocaiber;Poder Público;Suplente
Gestor do Fundecam;Carlos Vinicius Viana Vieira;Poder Público;Titular
Gestor do Fundecam;Marcel Cardoso e Cardoso;Poder Público;Suplente
Gestor do Fundecam;José Paes Neto;Poder Público;Titular
Gestor do Fundecam;Tainá de Oliveira Inácio;Poder Público;Suplente
Gestor do Fundecam;Barreto Nunes Daflon;Poder Público;Titular
Gestor do Fundecam;Gisely Nunes Moço Barbosa;Poder Público;Suplente
Gestor do Fundecam;Evandro Guimarães Ferraz;Poder Público;Titular
Gestor do Fundecam;Leandro Ramos Barreto;Poder Público;Suplente
Gestor do Fundecam;Leonardo Diogenes Wigand Rodrigues;Poder Público;Titular
Gestor do Fundecam;Mariano Amorim;Poder Público;Suplente
Gestor do Fundecam;José Felipe Quintanilha França;Poder Público;Titular
Gestor do Fundecam;Romeu e Silva Neto;Poder Público;Suplente
