conselho ;conselheiro;setor;posicao;entidade
Saúde;Abdu Neme Jorge Makhluf Neto ;Poder Público;Titular;Secretaria Municipal de Saúde
Saúde;Sávio Sabóia da Fonseca;Poder Público;Suplente;Secretaria Municipal de Saúde
Saúde;José Felipe Quintanilha França;Poder Público;Titular;Representante do Poder Executivo
Saúde;Ralph Ferreira de Noronha Oliveira;Poder Público;Suplente;Representante do Poder Executivo
Saúde;Cíntia Ferrini Farias;Poder Público;Titular;Representante do Poder Executivo
Saúde;Fernanda Gomes de Vasconcellos Sales;Poder Público;Suplente;Representante do Poder Executivo
Saúde;Elisa Lima mayerhoffer Peralva;Poder Público;Titular;Representante do Poder Executivo
Saúde;José Carlos Henrique Alves ;Poder Público;Suplente;Representante do Poder Executivo
Saúde;Valéria Corrêa Lopes;Poder Público;Titular;Representante do Poder Executivo
Saúde;Jarbas da Fonseca Carneiro Júnior;Poder Público;Suplente;Representante do Poder Executivo
Saúde;Geraldo Augusto Pinto Venâncio;Mercado;Titular;Fundação Benedito Pereira Nunes/Hospital Escola Álvaro Alvim
Saúde;Flávio Persilva Hoelzle;Mercado;Suplente;Fundação Benedito Pereira Nunes/Hospital Escola Álvaro Alvim
Saúde;Jorge Luiz de Almeida Miranda;Mercado;Titular;Sociedade Portuguesa de Beneficência de Campos
Saúde;Marco Antônio Gomes Velloso de Carvalho;Mercado;Suplente;Sociedade Portuguesa de Beneficência de Campos
Saúde;Benedito Waldyr Pohl;Mercado;Titular;"Associação Fluminense de Assistência à Mulher, à Criança e ao Idoso/ Hospital
Plantadores de Cana"
Saúde;Almir Quitete de Lima Filho;Mercado;Suplente;"Associação Fluminense de Assistência à Mulher, à Criança e ao Idoso/ Hospital
Plantadores de Cana"
Saúde;Cléber Glória Silva;Mercado;Titular;Santa Casa de Misericórdia de Campos
Saúde;Paulo Roberto Pereira;Mercado;Suplente;Santa Casa de Misericórdia de Campos
Saúde;Eliete Maria Alves do Rosário ;Terceiro Setor;Titular;Liga Espírita de Campos/Hospital Abrigo Dr. João Viana
Saúde;Edmar Cruz Teixeira;Terceiro Setor;Suplente;Liga Espírita de Campos/Hospital Abrigo Dr. João Viana
Saúde;José Roberto Crespo de Souza;Sociedade Civil;Titular;Sindicato dos Médicos de Campos – SIMEC
Saúde;Giovanni Lhamas Coelho;Sociedade Civil;Suplente;Sindicato dos Médicos de Campos – SIMEC
Saúde;Valdir dos Santos Rodrigues Filho;Sociedade Civil;Titular;Sindicato dos Empregados em Estabelecimento de Serviços de Saúde - SES
Saúde;Ilsom Martins de Azevedo;Sociedade Civil;Suplente;Sindicato dos Empregados em Estabelecimento de Serviços de Saúde - SES
Saúde;Antônia Rodrigues Corrêa;Sociedade Civil;Titular;"Sindicato dos Trabalhadores no Combate às Endemias e Saúde Preventiva no
Estado do RJ - SINTSAÚDE"
Saúde;Amaro Michel Bissonho Calil;Sociedade Civil;Suplente;"Sindicato dos Trabalhadores no Combate às Endemias e Saúde Preventiva no
Estado do RJ - SINTSAÚDE"
Saúde;Abel da Silva Santos;Sociedade Civil;Titular;Conselho Regional de Fisioterapia e Terapia Ocupacional 2ª Região - CREFITO
Saúde;Elizabeth Neves Fernandes Miquilito;Sociedade Civil;Suplente;Conselho Regional de Fisioterapia e Terapia Ocupacional 2ª Região - CREFITO
Saúde;Vanda Terezinha Vasconcelos;Mercado;Titular;SFMC - Associação Fluminense de Medicina e Cirurgia
Saúde;Ana Paula Galvão Baptista;Mercado;Suplente;SFMC - Associação Fluminense de Medicina e Cirurgia
Saúde;Shirley Rangel Gomes;Mercado;Titular;Sociedade Universitária Redentor
Saúde;Gutielle Carvalhal Botelho Bustilho Faria;Mercado;Suplente;Sociedade Universitária Redentor
Saúde;Edilbert Pellegrini Nahn Júnior;Mercado;Titular;Fundação Benedito Pereira Nunes/ Faculdade de Medicina de Campos
Saúde;Luiz Clóvis Parente Soares;Mercado;Suplente;Fundação Benedito Pereira Nunes/ Faculdade de Medicina de Campos
Saúde;Helena Kiyomi Hokamura;Poder Público;Titular;Universidade Estadual do Norte Fluminense Professor Darcy Ribeiro - UENF
Saúde;Leonardo Serafim da Silveira;Poder Púbico;Suplente;Universidade Estadual do Norte Fluminense Professor Darcy Ribeiro - UENF
Saúde;Bárbara de Oliveira Figueiredo;Poder Púbico;Titular;Instituto Federal Fluminense - IFF
Saúde;Paula Clark Barreto;Poder Púbico;Suplente;Instituto Federal Fluminense - IFF
Saúde;Viviane Aparecida Siqueira Lopes;Poder Púbico;Titular;Universidade Federal Fluminense – UFF
Saúde;Maria Clélia Pinto Coelho;Poder Púbico;Suplente;Universidade Federal Fluminense – UFF
Saúde;Edgard Andrade Corrêa ;Terceiro Setor;Titular;Mocidade Espírita Emille Des Touches - MEEDT - LAR CRISTÃO
Saúde;Francielli Moreira e Silva Acácio  ;Terceiro Setor;Suplente;Mocidade Espírita Emille Des Touches - MEEDT - LAR CRISTÃO
Saúde;Vânia Cristina Coutinho de Souza;Sociedade Civil;Titular;Associação de Ostomizados de Campos dos Goytacazes
Saúde;Luiz Sérgio de Carvalho;Sociedade Civil;Suplente;Associação de Ostomizados de Campos dos Goytacazes
Saúde;Rosimara Andrade de Souza;Sociedade Civil;Titular;Instituto de Desenvolvimento Afro Noroeste Fluminense
Saúde;Luciana Pereira Muniz;Sociedade Civil;Suplente;Instituto de Desenvolvimento Afro Noroeste Fluminense
Saúde;Jair Araújo Júnior;Sociedade Civil;Titular;Sindicato dos Professores de Campos e São João da Barra – SINPRO - RJ
Saúde;Vera Lúcia Ribeiro Félix;Sociedade Civil;Suplente;Sindicato dos Professores de Campos e São João da Barra – SINPRO - RJ
Saúde;Estevão Souza de Azevedo;Sociedade Civil;Titular;"Associação Cultural, Educacional e Esportiva para a Saúde e Qualidade de
Vida do Idoso/ Projeto Mangabinha"
Saúde;Wilson Paes Júnior;Sociedade Civil;Suplente;"Associação Cultural, Educacional e Esportiva para a Saúde e Qualidade de
Vida do Idoso/ Projeto Mangabinha"
Saúde;Ricardo Luiz da Silva Araújo;Sociedade Civil;Titular;Associação Monsenhor Severino
Saúde;Rossini Peralva Neto;Sociedade Civil;Suplente;Associação Monsenhor Severino
Saúde;Renildo Santiago Goulart;Sociedade Civil;Titular;"Associação dos Crônicos Renais e Transplantados do Norte e Noroeste do
Estado do Rio de Janeiro – ACRETERJ"
Saúde;João Acácio Filho;Sociedade Civil;Suplente;"Associação dos Crônicos Renais e Transplantados do Norte e Noroeste do
Estado do Rio de Janeiro – ACRETERJ"
Saúde;Maria José serafim Jorge de Oliveira ;Sociedade Civil;Titular;Movimento Campista da Cultura Negra – MCPCN
Saúde;Rosemery Nascimento Silva;Sociedade Civil;Suplente;Movimento Campista da Cultura Negra – MCPCN
Saúde;Jordecy Rocha;Sociedade Civil;Titular;Associação de Moradores e Amigos do Parque Nova Brasília - AMAPNB
Saúde;Sérgio Luís Rocha Ritter;Sociedade Civil;Suplente;Associação de Moradores e Amigos do Parque Nova Brasília - AMAPNB
Saúde;João Paulo da Costa Cunha;Sociedade Civil;Titular;"Sindicato dos Trabalhadores nas Indústrias Metalúrgicas e de Material
Elétrico de Campos dos Goytacazes, São João da Barra e Quissamã"
Saúde;Hernandes Passos Virginio;Sociedade Civil;Suplente;"Sindicato dos Trabalhadores nas Indústrias Metalúrgicas e de Material
Elétrico de Campos dos Goytacazes, São João da Barra e Quissamã"
Saúde;Cinézio Sales Manhães Filho;Sociedade Civil;Titular;Júnior Chamber International – JCI Campos dos Goytacazes
Saúde;Lucas Santos Siqueira Santana;Sociedade Civil;Suplente;Júnior Chamber International – JCI Campos dos Goytacazes
Saúde;Ricardo Gonçalves de Carvalho;Sociedade Civil;Titular;Instituto de Ação Social – IASA
Saúde;Jacques Douglas Pinto Lopes;Sociedade Civil;Suplente;Instituto de Ação Social – IASA
Saúde;Ronald de Souza Pereira;Sociedade Civil;Titular;"Sindicato dos Profissionais Servidores Públicos Municipais de Campos dos
Goytacazes"
Saúde;Sérgio de Azevedo Almeida;Sociedade Civil;Suplente;"Sindicato dos Profissionais Servidores Públicos Municipais de Campos dos
Goytacazes - SIPROSEP"
Saúde;Sebastiana Abreu dos Santos da Silva;Sociedade Civil;Titular;Mitra Diocesana de Campos/ Paróquia Santa Teresinha
Saúde;Alex Gomes da Motta;Sociedade Civil;Suplente;Mitra Diocesana de Campos/ Paróquia Santa Teresinha
Saúde;Rodrigo Ferreira Pereira;Sociedade Civil;Titular;Sindicato dos Hotéis Restaurantes Costa Doce do Estado do Rio de Janeiro
Saúde;Claudia de Jesus Barreto de Carvalho;Sociedade Civil;Suplente;Sindicato dos Hotéis Restaurantes Costa Doce do Estado do Rio de Janeiro
Saúde;Gerson Ferreira Maciel ;Sociedade Civil;Titular;"Associação Norte Fluminense dos Portadores de Retinose Pigmentar -
ANFLUPREP"
Saúde;Ester Fabiana Cordeiro Matias;Sociedade Civil;Suplente;"Associação Norte Fluminense dos Portadores de Retinose Pigmentar -
ANFLUPREP"
Saúde;Izabela Appolinário de Souza;Terceiro Setor;Titular;Associação Raízes
Saúde;Ketelle dos Santos de Souza;Terceiro Setor;Suplente;Associação Raízes
Saúde;Aderbal da Paixão Gomes de Souza;Terceiro Setor;Titular;Associação Viva Música
Saúde;Patrick Bruno da Rosa Manhães;Terceiro Setor;Suplente;Associação Viva Música
Saúde;Gina Cláudia Pereira Chácar Rangel;Sociedade Civil;Titular;Igreja Batista do Flamboyant
Saúde;João Manoel Rangel ;Sociedade Civil;Suplente;Igreja Batista do Flamboyant
Saúde;Tiago Flávio Lisboa Telles Ferreira;Terceiro Setor;Titular;Serviço de Assistência São José Operário
Saúde;Raul Ferrarez;Terceiro Setor;Suplente;Serviço de Assistência São José Operário
Educação;Brand Arenari;Poder Público;presidente;Secretaria Municipal de Educação, Cultura e Esporte (SMECE)
Educação;Rafael Pinheiro Caetano Damasceno;Poder Público;vice-presidente;Secretaria Municipal de Educação, Cultura e Esporte (SMECE)
Educação;Jane de Azevedo Andrade;Poder Público;Titular;Secretaria Municipal de Educação, Cultura e Esporte (SMECE)
Educação;Regina Auxiliadora Lannes Barreto Pereira;Poder Público;Suplente;Secretaria Municipal de Educação, Cultura e Esporte (SMECE)
Educação;Joilza Rangel Abreu;Poder Público;Titular;Câmara Municipal de Campos dos Goytacazes
Educação;Álvaro César Gomes Faria;Poder Público;Suplente;Câmara Municipal de Campos dos Goytacazes
Educação;Rosana Corrêa Juncá;Poder Público;Titular;SINEPE (Sindicato dos Estabelecimentos Particulares de Ensino)
Educação;Anizete Évio de Souza Viana;Poder Público;Suplente;SINEPE (Sindicato dos Estabelecimentos Particulares de Ensino)
Educação;Maria Cristina Torres Lima;Poder Público;Titular;FCJOL (Fundação Cultural Jornalista Oswaldo Lima)
Educação;Vinicius Soares Barbosa;Poder Público;Suplente;FCJOL (Fundação Cultural Jornalista Oswaldo Lima)
Educação;Maria Rita Fundão Maciel;Poder Público;Titular;FMIJ (Fundação Municipal da Infância e da Juventude)
Educação;Denise Cardoso Alves;Poder Público;Suplente;FMIJ (Fundação Municipal da Infância e da Juventude)
Educação;Fábio Gustavo Viana Siqueira;Sociedade Civil;Titular;SINPRO (Sindicato dos Professores das Escolas Particulares de Campos)
Educação;Vera Lúcia Ribeiro Félix;Sociedade Civil;Suplente;SINPRO (Sindicato dos Professores das Escolas Particulares de Campos)
Educação;Tânia Silva Sá Viana;Poder Público;Titular;Diretores das Escolas Públicas Municipais
Educação;Patrícia Cristosan;Poder Público;Suplente;Diretores das Escolas Públicas Municipais
Educação;Odisseia Pinto de Carvalho;Sociedade Civil;Titular;SEPE (Sindicato Estadual dos Profissionais da Educação)
Educação;Graciete Santana Nogueira Nunes;Sociedade Civil;Suplente;SEPE (Sindicato Estadual dos Profissionais da Educação)
Educação;Patrícia de Paula Baía;Sociedade Civil;Titular;Associação de Pais de Alunos de Escolas Municipais
Educação;Patrícia Ferreira de Carvalho;Sociedade Civil;Suplente;Associação de Pais de Alunos de Escolas Municipais
Educação;Francisco Carlos Faria Bernardino;Sociedade Civil;Titular;FAMAC (Federação das Associações de Moradores e Amigos de Campos)
Educação;Carina da Silva Gomes;Sociedade Civil;Suplente;FAMAC (Federação das Associações de Moradores e Amigos de Campos)
Educação;Isabel Cristina Pinto Pinheiro;Sociedade Civil;Titular;SIPROSEP (Sindicato dos Profissionais Servidores Públicos Municipais)
Educação;Otávia Dias;Sociedade Civil;Suplente;SIPROSEP (Sindicato dos Profissionais Servidores Públicos Municipais)
Educação;Jefferson Manhães de Azevedo;Sociedade Civil;Titular;FIDESC (Fórum Interinstitucional dos Dirigentes do Ensino Superior de Campos dos Goytacazes)
Educação;Saionara Rosa da Cruz;Sociedade Civil;Suplente;FIDESC (Fórum Interinstitucional dos Dirigentes do Ensino Superior de Campos dos Goytacazes)
Educação;Heloisa Helena Queiroz Rocha Pacheco da Silva;Sociedade Civil;Titular;Pedagogos da Rede Municipal de Ensino
Educação;Francione de França Fonseca;Sociedade Civil;Suplente;Pedagogos da Rede Municipal de Ensino
Educação;Odete Pereira da Rocha;Poder Público;Titular;CAE (Conselho de Alimentação Escolar)
Educação;Helmar Amorim de Souza Oliveira;Poder Público;Suplente;CAE (Conselho de Alimentação Escolar)
Assistência Social;Renato Gonçalves dos Santos;Sociedade Civil;Titular;Centro Juvenil São Pedro
Assistência Social;Débora de Paula Souza Inácio;Sociedade Civil;Suplente;Centro Juvenil São Pedro
Assistência Social;Ricardo Luiz da Silva Araújo;Sociedade Civil;Titular;Monsenhor Severino
Assistência Social;Marcelo Pizani Boldes;Sociedade Civil;Suplente;Monsenhor Severino
Assistência Social;Cintia Dutra da Silva Bensi;Sociedade Civil;Titular;APOE
Assistência Social;Hilda Márcia Soares Monteiro;Sociedade Civil;Suplente;APOE
Assistência Social;Francisco de Assis do Nascimento;Sociedade Civil;Titular;Movimento dos Trabalhadores Rurais Sem Terra  (MST)
Assistência Social;Jorge Luiz Dias Machado;Sociedade Civil;Suplente;Movimento dos Trabalhadores Rurais Sem Terra  (MST)
Assistência Social;Bruna Machel da Silva Moraes Azevedo;Sociedade Civil;Titular;Movimento Resista Campos
Assistência Social;Cristiane Gomes Monteiro;Sociedade Civil;Titular;Associação dos Moradores da Margem da Linha
Assistência Social;Ângela Maria Correa Pereira;Sociedade Civil;Suplente;Associação dos Moradores da Margem da Linha
Assistência Social;Érica Gomes Martins;Sociedade Civil;Titular;Coletivo de Mulheres Quilombolas “As Dandaras do ABC”
Assistência Social;Tatiana da Costa Gomes;Sociedade Civil;Suplente;Coletivo de Mulheres Quilombolas “As Dandaras do ABC”
Assistência Social;Janaína Monteiro Alves Mandu;Sociedade Civil;Titular;CRESS
Assistência Social;Eliana Monteiro Feres;Sociedade Civil;Suplente;CRESS
Assistência Social;Ketnen Rose Medeiros Barreto;Sociedade Civil;Titular;UFF
Assistência Social;Liliane Cardoso D`Almeida;Sociedade Civil;Suplente;UFF
Assistência Social;Ederton Quemel Rossini;Sociedade Civil;Titular;CRP
Assistência Social;Luciana Fernandes Caldas;Sociedade Civil;Suplente;CRP
Assistência Social;Elma Coelho Nunes Sizenando;Poder Público ;Titular;Secretaria Municipal de Desenvolvimento Humano e Social
Assistência Social;Aline Maria S. C. Giovannini;Poder Público ;Suplente;Secretaria Municipal de Desenvolvimento Humano e Social
Assistência Social;Diovane Rodrigues Gonçalves;Poder Público ;Titular;Coordenadoria de Defesa Civil
Assistência Social;Marcio Ribeiro Leandro;Poder Público ;Suplente;Coordenadoria de Defesa Civil
Assistência Social;Amanda Aparecida Passalini;Poder Público ;Titular;Secretaria Municipal de Educação, Cultura e Esporte
Assistência Social;Eliane Nogueira Gomes;Poder Público ;Suplente;Secretaria Municipal de Educação, Cultura e Esporte
Assistência Social;Rogério Matoso;Poder Público ;Titular;Superintendência de Trabalho e Renda
Assistência Social;Patrícia Nani Beyruth;Poder Público ;Suplente;Superintendência de Trabalho e Renda
Assistência Social;Natália Chalita Ribeiro;Poder Público ;Titular;Secretaria Municipal de Saúde
Assistência Social;Laura Burla Maciel;Poder Público ;Suplente;Secretaria Municipal de Saúde
Assistência Social;Alonso Bartolazzi Barbosa;Poder Público ;Titular;Secretaria Municipal de Governo
Assistência Social;Heitor Andrade Gomes Carvalho dos Santos;Poder Público ;Suplente;Secretaria Municipal de Governo
Assistência Social;Thiago Nunes Pimentel;Poder Público ;Titular;Secretaria Municipal de Defesa Ambiental
Assistência Social;Raquel Viana Siqueira;Poder Público ;Suplente;Secretaria Municipal de Defesa Ambiental
Assistência Social;Beatriz Mateus Pereira;Poder Público ;Titular;Fundação Municipal da Infância e Juventude- FMIJ
Assistência Social;Natália Campolino Moussallem;Poder Público ;Suplente;Fundação Municipal da Infância e Juventude- FMIJ
Assistência Social;Fernando Antonio Leite Cabral Loureiro;Poder Público ;Titular;Secretaria Municipal da Transparência e Controle
Assistência Social;Mônica de Souza Gomes;Poder Público ;Suplente;Secretaria Municipal da Transparência e Controle
Assistência Social;João Victor de Lima Coutinho Gomes de Vasconcelos;Poder Público ;Titular;EMHAB- Empresa Municipal de Habitação, Urbanização e Saneamento
Assistência Social;Maria Helena de Souza Pereira;Poder Público ;Suplente;EMHAB- Empresa Municipal de Habitação, Urbanização e Saneamento
Segurança Alimentar e Nutricional;José Armando Ribeiro Barreto;Poder Público;Titular;Gabinete do Prefeito
Segurança Alimentar e Nutricional;Marcel Cardoso e Cardoso;Poder Público;Suplente;Gabinete do Prefeito
Segurança Alimentar e Nutricional;Carlos Ronald Macabu;Poder Público;Titular;Secretaria Municipal de Desenvolvimento Ambiental
Segurança Alimentar e Nutricional;Diogo Sodré Figueiredo Ferreira;Poder Público;Suplente;Secretaria Municipal de Desenvolvimento Ambiental
Segurança Alimentar e Nutricional;Marcia Valéria Soares Assad;Poder Público;Titular;Secretaria Municipal de Desenvolvimento Humano e Social
Segurança Alimentar e Nutricional;Danielle da Cunha Lessa Quillici;Poder Público;Suplente;Secretaria Municipal de Desenvolvimento Humano e Social
Segurança Alimentar e Nutricional;Jaqueline dos Santos Paes Andrade;Poder Público;Titular;Secretaria Municipal de Educação
Segurança Alimentar e Nutricional;Fabíola Caldeira Ferreira;Poder Público;Suplente;Secretaria Municipal de Educação
Segurança Alimentar e Nutricional;Paulo Honorato;Sociedade Civil;Titular;Sindicato dos Trabalhadores Rurais
Segurança Alimentar e Nutricional;Valquiria Rocha Servo;Sociedade Civil;Suplente;Sindicato dos Trabalhadores Rurais
Segurança Alimentar e Nutricional;Elenilson do Espírito Santo;Sociedade Civil;Titular;Associação de Pesca  (APACG)
Segurança Alimentar e Nutricional;Patrícia Xavier Honorato;Sociedade Civil;Titular;Associação Quilombola e Produtores Rurais de Aleluia, Batatal e Cambucá
Segurança Alimentar e Nutricional;Tatiana dos Santos Almeida;Sociedade Civil;Suplente;Associação Quilombola e Produtores Rurais de Aleluia, Batatal e Cambucá
Segurança Alimentar e Nutricional;Maria de Lourdes Cruz Nascimento Magno;Sociedade Civil;Titular;Associação do Remanescentes do Quilombo de Sossego  (ARQUIS)
Segurança Alimentar e Nutricional;Amaro da Silva Lopes;Sociedade Civil;Suplente;Associação do Remanescentes do Quilombo de Sossego  (ARQUIS)
Segurança Alimentar e Nutricional;Lucimara Pereira Muniz;Sociedade Civil;Titular;Instituto de Desenvolvimento Afro Norte Noroeste Fluminense (IDANNF)
Segurança Alimentar e Nutricional;Luciana Pereira Muniz;Sociedade Civil;Suplente;Instituto de Desenvolvimento Afro Norte Noroeste Fluminense (IDANNF)
Segurança Alimentar e Nutricional;Érica Gomes Martins;Sociedade Civil;Titular;Associação Cultural dos Povos da Águas do Campo da Cidade (ACUPACC)
Segurança Alimentar e Nutricional;Sueli da Silva;Sociedade Civil;Suplente;Associação Cultural dos Povos da Águas do Campo da Cidade (ACUPACC)
Segurança Alimentar e Nutricional;Francisco de Assis do Nascimento;Sociedade Civil;Titular;Movimento dos Trabalhadores Rurais Sem Terra  (MST)
Segurança Alimentar e Nutricional;David Barbosa do Nascimento;Sociedade Civil;Suplente;Movimento dos Trabalhadores Rurais Sem Terra  (MST)
Segurança Alimentar e Nutricional;Mauro Macedo Campos;sociedade Civil;Titular;Universidade Estadual do Norte Fluminense (UENF)
Segurança Alimentar e Nutricional;Geraldo Márcio Timóteo;Sociedade Civil;Suplente;Universidade Estadual do Norte Fluminense (UENF)
Segurança Alimentar e Nutricional;Fabíola Teixeira Azevedo;Sociedade Civil;Titular;Faculdade Redentor de Campos
Segurança Alimentar e Nutricional;Marcia Aparecida Vieira Mussi;Sociedade Civil;Suplente;Faculdade Redentor de Campos
Segurança Alimentar e Nutricional;Ricardo Cabral da Cruz;Sociedade Civil;Titular;Instituto Solar Brasil de Desenvolvimento (ISOBRAS)
Segurança Alimentar e Nutricional;Sandro Abreu Cezário;Sociedade Civil;Suplente;Instituto Solar Brasil de Desenvolvimento (ISOBRAS)
Segurança Alimentar e Nutricional;Kamyla de Souza Morgade;Sociedade Civil;Titular;Associação de Pais de Pessoas Especiais  (APAPE)
Segurança Alimentar e Nutricional;Gelson Sebastião;Sociedade Civil;Titular;Associação de Mordores de Produtores do Assentamento Zumbi dos Palmares I-II-III-IV  (AMPAZUP)
Segurança Alimentar e Nutricional;José Roberto Damaceno Portela;Sociedade Civil;Titular;Associação de Produtores Rurais Assentados e Filhos de Assentados (APRAFAN3)
Segurança Alimentar e Nutricional;Sandro Abreu Cezário;Sociedade Civil;Titular;Instituto Palmares
Direitos da Mulher;Manuelli Batista Ramos;Sociedade Civil;Titular;Movimento Negro Unificado
Direitos da Mulher;Patrícia Dias Silva dos Santos;Sociedade Civil;Suplente;Movimento Negro Unificado
Direitos da Mulher;Lorena Belo Ferreira;Sociedade Civil;Titular;Coletivo LGBTQ+ Gaytacazes
Direitos da Mulher;Tayna Santos Conceição;Sociedade Civil;Suplente;Coletivo LGBTQ+ Gaytacazes
Direitos da Mulher;Rosa Maria Moreira Sales;Sociedade Civil;Titular;Fórum de religiões Afro-brasileiras
Direitos da Mulher;Laisses Vânia dos Santos Rangel;Sociedade Civil;Suplente;Fórum de religiões Afro-brasileiras
Direitos da Mulher;Tatiana da Silva;Sociedade Civil;Titular;Rede produtiva quilombola
Direitos da Mulher;Patrícia Xavier Honorato;Sociedade Civil;Suplente;Rede produtiva quilombola
Direitos da Mulher;Alciléia dos Santos R. do Rosário ;Sociedade Civil;Titular;Coletivo Raízes da Terra
Direitos da Mulher;Maria José Serafin Jorge;Sociedade Civil;Suplente;Coletivo Raízes da Terra
Direitos da Mulher;Rosângela Moreira de Azevedo;Sociedade Civil;Titular;Associação Mangabinha
Direitos da Mulher;Mara Regina Santos Pereira;Sociedade Civil;Suplente;Associação Mangabinha
Direitos da Mulher;Iara Silva Lima Alexandrino;Sociedade Civil;Titular;As Marias da Baixada
Direitos da Mulher;Eliana da Silva Goulart;Sociedade Civil;Suplente;As Marias da Baixada
Direitos da Mulher;Jéssica Cristina Álvaro de Oliveira;Sociedade Civil;Titular;Coletivo Negro José do Patrocínio
Direitos da Mulher;Anna Caroline dos Santos Tomaz;Sociedade Civil;Suplente;Coletivo Negro José do Patrocínio
Direitos da Mulher;Rosângela Gomes Paulo;Sociedade Civil;Titular;Associação de Enfermagem (AENNF)
Direitos da Mulher;Ilídia Campos da Cunha;Sociedade Civil;Suplente;Associação de Enfermagem (AENNF)
Direitos da Mulher;Valquiria Rocha Servo;Sociedade Civil;Titular;Sindicato dos trabalhadores rurais de Campos
Direitos da Mulher;Ângela da Costa Barreto;Sociedade Civil;Suplente;Sindicato dos trabalhadores rurais de Campos
Direitos da Mulher;Thaís Siqueira Gomes;Sociedade Civil;Titular;Fórum de economia solidária
Direitos da Mulher;Nilza Franco Portela;Sociedade Civil;Suplente;Fórum de economia solidária
Direitos da Mulher;Anne Caroline Afonso F. R. Cardoso;Poder Público;Titular;Secretaria Municipal de Desenvolvimento Humano e Social
Direitos da Mulher;Leísia Crespo Rossi;Poder Público;Suplente;Secretaria Municipal de Desenvolvimento Humano e Social
Direitos da Mulher;Elisa Mayerhoffer Peralva;Poder Público;Titular;Secretaria Municipal de Saúde
Direitos da Mulher;Giselle da Silva Escocard;Poder Público;Suplente;Secretaria Municipal de Saúde
Direitos da Mulher;Ana Márcia Mercadante Scot;Poder Público;Titular;Secretaria Municipal de Educação, cultura e Esporte
Direitos da Mulher;Karina Silva Marques Nunes de Souza;Poder Público;Titular;Fundação Municipal da Infância e Juventude- FMIJ
Direitos da Mulher;Natália Campolino Moussallem;Poder Público;Suplente;Fundação Municipal da Infância e Juventude- FMIJ
Direitos da Mulher;Christiane Mazzini Villar Ribeiro;Poder Público;Titular;Superintendência do Envelhecimento saudável e ativo
Direitos da Mulher;Mariá de Azevedo Lyrio Barreto;Poder Público;Suplente;Superintendência do Envelhecimento saudável e ativo
Direitos da Mulher;Romarilda Ismênia Monteiro de Barros;Poder Público;Titular;Superintendência Municipal de trabalho e renda
Direitos da Mulher;Tatiana Botelho Sampaio;Poder Público;Titular;Superintendência de justiça e assistência judiciária
Direitos da Mulher;Rosana Rosa Ribeiro;Poder Público;Suplente;Superintendência de justiça e assistência judiciária
Direitos da Mulher;Simone Pedro Vieira;Poder Público;Titular;Superintendência de Igualdade Racial
Direitos da Mulher;Flávia Barreto Sales;Poder Público;Titular;Instituto Municipal de Trânsito e Transportes - IMTT
Direitos da Mulher;Letícia de Almeida Neto;Poder Público;Suplente;Instituto Municipal de Trânsito e Transportes - IMTT
Direitos da Mulher;Juliana Gonçalves Manhães dos Reis;Poder Público;Titular;Superintendência Municipal de Agricultura e pecuária 
Direitos da Mulher;Cinara Souza de Oliveira Santos;Poder Público;Suplente;Superintendência Municipal de Agricultura e pecuária 
Direitos da Mulher;Josiane Lima Borges Viana;Poder Público;Titular;Legislativo municipal
Direitos da Mulher;Joilza Rangel Abreu;Poder Público;Suplente;Legislativo municipal
Inclusão da Pessoa com Deficiencia;Renato Barbosa Vieira;Poder Público;Titular;Secretaria Municipal de Desenvolvimento Humano e Social
Inclusão da Pessoa com Deficiencia;Cristiane Cardoso de Oliveira Ressiguier;Poder Público; Suplente;Secretaria Municipal de Desenvolvimento Humano e Social
Inclusão da Pessoa com Deficiencia;Paulo Roberto Pereira Gomes;Poder Público;Titular;Fundação Municipal da Infância e da Juventude
Inclusão da Pessoa com Deficiencia;João Luiz de Mello e Silva;Poder Público; Suplente;Fundação Municipal da Infância e da Juventude
Inclusão da Pessoa com Deficiencia;Fábio Gonçalves Coboski;Poder Público;Titular;Fundação Municipal do Esporte
Inclusão da Pessoa com Deficiencia;Nayne Tamy Barreto Neves;Poder Público; Suplente;Fundação Municipal do Esporte
Inclusão da Pessoa com Deficiencia;Ana Paula Pessanha Cordeiro;Poder Público;Titular;Secretaria Municipal de Saúde
Inclusão da Pessoa com Deficiencia;Sandro César Said Mucci;Poder Público; Suplente;Secretaria Municipal de Saúde
Inclusão da Pessoa com Deficiencia;Gilce Maria de Almeida Sales Cruz;Poder Público;Titular;Secretaria Municipal da Transparência e Controle
Inclusão da Pessoa com Deficiencia;Maria Angélica Rocha Gama;Poder Público; Suplente;Secretaria Municipal da Transparência e Controle
Inclusão da Pessoa com Deficiencia;Alexis Wallace Sardinha;Poder Público;Titular;Superintendência de Justiça e Assistência Judiciária
Inclusão da Pessoa com Deficiencia;Antônio Julião Pinheiro Neto;Poder Público; Suplente;Superintendência de Justiça e Assistência Judiciária
Inclusão da Pessoa com Deficiencia;Wandick Lobo Neto;Poder Público;Titular;Empresa Municipal de Habitação – EMHAB
Inclusão da Pessoa com Deficiencia;Maria Helena de Souza Pereira;Poder Público; Suplente;Empresa Municipal de Habitação – EMHAB
Inclusão da Pessoa com Deficiencia;Romarilda Ismênia Monteiro de Barros;Poder Público;Titular;Superintendência de Trabalho e Renda
Inclusão da Pessoa com Deficiencia;Luiz Vagner Cunha Henriques;Poder Público; Suplente;Superintendência de Trabalho e Renda
Inclusão da Pessoa com Deficiencia;Beatriz Cruz Siqueira;Poder Público;Titular;Secretaria Municipal de Educação, Cultura e Esporte
Inclusão da Pessoa com Deficiencia;Karla Boa Morte;Poder Público; Suplente;Secretaria Municipal de Educação, Cultura e Esporte
Inclusão da Pessoa com Deficiencia;Lídia Maria Tavares Martins;Poder Público;Titular;Secretaria Municipal de Infraestrutura e Mobilidade Urbana
Inclusão da Pessoa com Deficiencia;Ingrid faria do Espírito santo Pessanha;Poder Público; Suplente;Secretaria Municipal de Infraestrutura e Mobilidade Urbana
Inclusão da Pessoa com Deficiencia;Marilane Ferreira do Amaral Pessanha;Sociedade Civil;Titular;Associação de Pais e Amigos dos Excepcionais/APAE – Campos
Inclusão da Pessoa com Deficiencia;Merilane Lopes Barreto;Sociedade Civil; Suplente;Associação de Pais e Amigos dos Excepcionais/APAE – Campos
Inclusão da Pessoa com Deficiencia;Naira Regina de Barros Cordeiro Peçanha;Sociedade Civil;Titular;Associação de Pais e de Pessoas Especiais do Norte e Noroeste/RJ – APAPE
Inclusão da Pessoa com Deficiencia;Paula Barreto Muniz;Sociedade Civil; Suplente;Associação de Pais e de Pessoas Especiais do Norte e Noroeste/RJ – APAPE
Inclusão da Pessoa com Deficiencia;Maria José Mendonça Rosmaninho de Pinho;Sociedade Civil;Titular;Associação de Proteção e Orientação aos Excepcionais – APOE
Inclusão da Pessoa com Deficiencia;Josilane Gomes Ribeiro Fernandes de Azevedo;Sociedade Civil; Suplente;Associação de Proteção e Orientação aos Excepcionais – APOE
Inclusão da Pessoa com Deficiencia;Alessandro Martins Guimarães;Sociedade Civil;Titular;Associação não Governamental Esporte Sem Fronteiras
Inclusão da Pessoa com Deficiencia;Maurício Leonardo de Souza Lemos;Sociedade Civil; Suplente;Associação não Governamental Esporte Sem Fronteiras
Inclusão da Pessoa com Deficiencia;Angélica Pereira Barreto;Sociedade Civil;Titular;Serviço de Assistência São José Operário – Educandário dos Cegos
Inclusão da Pessoa com Deficiencia;Geovana Gomes Neves;Sociedade Civil; Suplente;Serviço de Assistência São José Operário – Educandário dos Cegos
Inclusão da Pessoa com Deficiencia;Marcelo Alves Manhães;Sociedade Civil;Titular;ONG Esporte Sem Fronteira
Inclusão da Pessoa com Deficiencia;Sérgio Bonifácio;Sociedade Civil; Suplente;ONG Esporte Sem Fronteira
Inclusão da Pessoa com Deficiencia;Márcia Christina de Souza Justiniano;Sociedade Civil;Titular;APAE
Inclusão da Pessoa com Deficiencia;Regina Célia Carvalho de Azevedo;Sociedade Civil; Suplente;APAE
Inclusão da Pessoa com Deficiencia;Adriana Costa Mothé;Sociedade Civil;Titular;APAPE
Inclusão da Pessoa com Deficiencia;Gabrielly Monteiro Manhães;Sociedade Civil; Suplente;APAPE
Inclusão da Pessoa com Deficiencia;Alcilea Lugath da Conceição;Sociedade Civil;Titular;APOE
Inclusão da Pessoa com Deficiencia;Thamirys da Silva de Souza;Sociedade Civil; Suplente;APOE
Inclusão da Pessoa com Deficiencia;Alcemir da Cruz Belmiro;Sociedade Civil;Titular;Associação São José Operário
Inclusão da Pessoa com Deficiencia;Edson Cordeiro Pacheco;Sociedade Civil; Suplente;Associação São José Operário
Direitos do Idoso;Jucirema Quintanilha Cardim;Sociedade Civil;Titular;Grupo de Convivência da Terceira Idade Direma Quintanilha (Farol de São Thomé)
Direitos do Idoso;José Pereira;Sociedade Civil;Suplente;Grupo de Convivência da Terceira Idade Direma Quintanilha (Farol de São Thomé)
Direitos do Idoso;Gilda Maria Gomes Peixoto;Sociedade Civil;Titular;Grupo da Terceira Idade Unidos do Farol de São Thomé
Direitos do Idoso;Milton Peixoto;Sociedade Civil;Suplente;Grupo da Terceira Idade Unidos do Farol de São Thomé
Direitos do Idoso;Maria José Rocha Ricardo;Sociedade Civil;Titular;Grupo de Convivência Lírios da Paz
Direitos do Idoso;Maria Elisa Ferreira de Jesus;Sociedade Civil;Suplente;Grupo de Convivência Lírios da Paz
Direitos do Idoso;Benedito de Jesus dos Santos Braga;Sociedade Civil;Titular;Projeto Mangabinha
Direitos do Idoso;José Eduardo Ferreira Caetano;Sociedade Civil;Suplente;Projeto Mangabinha
Direitos do Idoso;Ricardo da Silva Araújo;Sociedade Civil;Titular;Associação Monsenhor Severino
Direitos do Idoso;Marcelo Pizane Boldes;Sociedade Civil;Suplente;Associação Monsenhor Severino
Direitos do Idoso;Amaro dos Santos Cruz;Sociedade Civil;Titular;Associação de Aposentados e Pensionistas - ASCAPEN
Direitos do Idoso;Edná Sales;Sociedade Civil;Suplente;Associação de Aposentados e Pensionistas - ASCAPEN
Direitos do Idoso;Marta Aparecida Vieira;Sociedade Civil;Titular;Conselho Regional de Enfermagem - COREN
Direitos do Idoso;Antônio Carlos Rodrigues dos Santos;Sociedade Civil;Suplente;Conselho Regional de Enfermagem - COREN
Direitos do Idoso;Rosalee Santos Crespo Istoe;Sociedade Civil;Titular;Universidade Estadual do Norte Fluminense - UENF
Direitos do Idoso;Fernanda Gonçalves Fernandes;Sociedade Civil;Suplente;Universidade Estadual do Norte Fluminense - UENF
Direitos do Idoso;Laura Burla Maciel;Poder Público;Titular;Secretaria Municipal de Saúde
Direitos do Idoso;Nathália Chalita Ribeiro;Poder Público;Suplente;Secretaria Municipal de Saúde
Direitos do Idoso;Carla Aparecida Gomes de Azeredo;Poder Público;Titular;Secretaria Municipal de Desenvolvimento Humano e Social
Direitos do Idoso;Bianca da Silva Ferreira;Poder Público;Suplente;Secretaria Municipal de Desenvolvimento Humano e Social
Direitos do Idoso;Alciene Azeredo de Souza;Poder Público;Titular;Superintendência de Envelhecimento Saudável e Ativo
Direitos do Idoso;Oresten Soares de Almeida Júnior;Poder Público;Suplente;Superintendência de Envelhecimento Saudável e Ativo
Direitos do Idoso;Mary Lúcia do Espírito Santo Pessanha;Poder Público;Titular;Secretaria Municipal de Educação, Cultura e Esportes
Direitos do Idoso;Ana Paula P. Oliveira Cordeiro;Poder Público;Suplente;Secretaria Municipal de Educação, Cultura e Esportes
Direitos do Idoso;Antônio Julião Pinheiro Neto;Poder Público;Titular;Superintendência de Justiça e Assistência Judiciária
Direitos do Idoso;Renato Dumas de Oliveira;Poder Público;Suplente;Superintendência de Justiça e Assistência Judiciária
Direitos do Idoso;Rogério Fernandes Ribeiro Gomes;Poder Público;Titular;Superintendência de Trabalho e Renda
Direitos do Idoso;Luiz Vagner Cunha Henriques;Poder Público;Suplente;Superintendência de Trabalho e Renda
Direitos do Idoso;Carlos Alberto Pessanha Dias;Poder Público;Titular;Fundação Municipal de Esporte
Direitos do Idoso;Wellington Passos;Poder Público;Suplente;Fundação Municipal de Esporte
Direitos do Idoso;Maria Cristina Torres Lima;Poder Público;Titular;Fundação Cultural Jornalista Oswaldo Lima
Direitos do Idoso;Filipe Godoy Azeredo;Poder Público;Suplente;Fundação Cultural Jornalista Oswaldo Lima
Criança e adolescente;Sana Gimenes Alvarenga Domingues;Poder Público;Titular;Fundação Municipal da Infância e da Juventude
Criança e adolescente;Bernardo Berbert Molina;Poder Público;Suplente;Fundação Municipal da Infância e da Juventude
Criança e adolescente;Kátia Beatriz Azevedo V. Noronha;Poder Público;Titular;Fundação Municipal da Infância e da Juventude
Criança e adolescente;Iohana Fernanda Carneiro Barreto;Poder Público;Suplente;Fundação Municipal da Infância e da Juventude
Criança e adolescente;Maria Auxiliadora de Sousa Pourbaix;Poder Público;Titular;Secretaria Municipal de Educação, Cultura e Esportes
Criança e adolescente;Maria Júlia Nunes Andrade;Poder Público;Suplente;Secretaria Municipal de Educação, Cultura e Esportes
Criança e adolescente;Fábio Gomes de Freitas Bastos;Poder Público;Titular;Secretaria Municipal de Governo
Criança e adolescente;Ricardo da Silva Viana;Poder Público;Suplente;Superintendência de Igualdade Racial
Criança e adolescente;Daniela Vivas Gonçalves;Poder Público;Titular;Secretaria Municipal de Governo
Criança e adolescente;Maria de Jesus Abílio Nogueira;Poder Público;Suplente;Secretaria Municipal de Governo
Criança e adolescente;Cláudio Freitas Artiles;Poder Público;Titular;Fundação Municipal de Esportes
Criança e adolescente;Gilce Maria de Almeida Sales Cruz;Poder Público;Suplente;Secretaria Municipal da Transparência e Controle
Criança e adolescente;Rogério Fernandes Ribeiro Gomes;Poder Público;Titular;Superintendência de Trabalho e Renda
Criança e adolescente;Marcelo de Carvalho Barreto;Poder Público;Suplente;Superintendência de Trabalho e Renda
Criança e adolescente;Bianca da Silva Firmino Ferreira;Poder Público;Titular;Secretaria Municipal de Desenvolvimento Humano e Social
Criança e adolescente;Beatriz Mateus Pereira;Poder Público;Suplente;Fundação Municipal da Infância e da Juventude
Criança e adolescente;Luzia Medeiros da Silva;Sociedade civil;Titular;Instituto Profissional São José
Criança e adolescente;Anderson Esteves da Silva;Sociedade civil;Suplente;Fundação CDL
Criança e adolescente;Juliana Escocard Lopes Terra;Sociedade civil;Titular;Obra do Salvador
Criança e adolescente;Luciana Custódio Soares;Sociedade civil;Suplente;Lar Fabiano de Cristo
Criança e adolescente;Renato Gonçalves dos Santos;Sociedade civil;titular;Centro Juvenil São Pedro
Criança e adolescente;Merilane Lopes Barreto;Sociedade civil;Suplente;Associação de Pais e Amigos dos Excepcionais/APAE – Campos
Criança e adolescente;Jerusa Raquel dos Santos Ferreira Guedes Farias;Sociedade civil;titular;Serviço de Assistência São José Operário
Criança e adolescente;Fernanda Azeredo Caldas Coutinho;Sociedade civil;Suplente;APOE
Criança e adolescente;Fernando César Gomes ;Sociedade civil;titular;Associação Evangélica de Campos
Criança e adolescente;Carlos Lima Alves;Sociedade civil;Suplente;Comunidade Evangélica Presbiteriana – Santa Rosa
Criança e adolescente;Paulo Santos Freitas Júnior;Sociedade civil;titular;CRESS
Criança e adolescente;Evelyn Rebouças de Gouvêa;Sociedade civil;Suplente;CRP
Criança e adolescente;Elson da Silva Leal;Sociedade civil;Titular;PHS
Cultura;Sarah Cristina Costa Pereira;Poder Público;Titular;Secretaria Municipal de Educação, Cultura e Esportes
Cultura;Karina Barra Gomes;Poder Público;Suplente;Secretaria Municipal de Educação, Cultura e Esportes
Cultura;Hans Muylaert;Poder Público;Titular;Secretaria Municipal de Desenvolvimento Econômico
Cultura;Maria Aparecida Praxedes da Penha;Poder Público;Suplente;Secretaria Municipal de Desenvolvimento Econômico
Cultura;Maria Cristina Torres Lima;Poder Público;Titular;Fundação Cultural Jornalista Oswaldo Lima
Cultura;Fernando Leite Fernandes;Poder Público;Suplente;Fundação Cultural Jornalista Oswaldo Lima
Cultura;Maurício de Moura Caldas Xexéo;Poder Público;Titular;Biblioteca Municipal Nilo Peçanha
Cultura;Vera Lúcia Carvalho de Oliveira;Poder Público;Suplente;Biblioteca Municipal Nilo Peçanha
Cultura;Carlos Roberto Bastos Freitas;Poder Público;Titular;Arquivo Público Municipal “Waldir Pinto de Carvalho”
Cultura;Rafaela Machado Ribeiro;Poder Público;Suplente;Arquivo Público Municipal “Waldir Pinto de Carvalho”
Cultura;Pedro Lincoln Bastos Bessa;Poder Público;Titular;Teatro Municipal Trianon
Cultura;Rodrigo Espinosa Andrade;Poder Público;Suplente;Teatro Municipal Trianon
Cultura;Rogério Soares de Siqueira;Poder Público;Titular;Superintendência de Igualdade Racial
Cultura;Simonne Pedro Vieira;Poder Público;Suplente;Superintendência de Igualdade Racial
Cultura;Graziela Escocard Ribeiro;Poder Público;Titular;Museu Histórico de Campos dos Goytacazes
Cultura;Denise Gonçalves Diniz;Poder Público;Suplente;Museu Histórico de Campos dos Goytacazes
Cultura;Eleonora Peçanha Paes;Poder Público;Titular;Secretaria Municipal de Desenvolvimento Humano e Social
Cultura;Ramon Terra de Siqueira;Poder Público;Suplente;Secretaria Municipal de Desenvolvimento Humano e Social
Cultura;Cláudia Siqueira Alvarenga Ferreira;Poder Público;Titular;Procuradoria Geral do Município
Cultura;Izabele Sardinha Costa;Poder Público;Suplente;Procuradoria Geral do Município
Cultura;José Carlos Gonçalves Monteiro;Poder Público;Titular;Câmara Municipal de Campos dos Goytacazes
Cultura;Cláudio Nogueira Andrade Filho;Poder Público;Suplente;Câmara Municipal de Campos dos Goytacazes
Cultura;Paulo Roberto Gonçalves;Sociedade civil;Titular;Artes de Rua
Cultura;Takna Mendonça Formaggini;Sociedade civil;Suplente;Artes de Rua
Cultura;Cássio Leandro Moreira Peixoto;Sociedade civil;Titular;Artes Visuais
Cultura;Wellington Cordeiro;Sociedade civil;Suplente;Artes Visuais
Cultura;Joilson Bessa da Silva;Sociedade civil;Titular;Áudiovisual
Cultura;Humberto Moreira Rangel;Sociedade civil;Suplente;Áudiovisual
Cultura;Marcelo Pereira de Carvalho Sampaio;Sociedade civil;Titular;Cultura Popular
Cultura;Elzana da Silva Pereira;Sociedade civil;Suplente;Cultura Popular
Cultura;Mariana de Freitas Fagundes;Sociedade civil;Titular;Coletivos Culturais
Cultura;Tarianne da Silva Pinto Bertoza;Sociedade civil;Suplente;Coletivos Culturais
Cultura;Sylvia Marcia da Silva Paes;Sociedade civil;Titular;Dança
Cultura;Rossini Reis;Sociedade civil;Suplente;Dança
Cultura;Kátia Macabu de Sousa Soares;Sociedade civil;Titular;Gestão Cultural
Cultura;Iara de Souza Lima;Sociedade civil;Suplente;Gestão Cultural
Cultura;Elis de Araújo Miranda;Sociedade civil;Titular;Instituições de Ensino
Cultura;Jonas Defante Terra;Sociedade civil;Suplente;Instituições de Ensino
Cultura;Ronaldo Henrique Barbosa Júnior;Sociedade civil;Titular;Literatura
Cultura;Vilmar Ferreira Rangel;Sociedade civil;Suplente;Literatura
Cultura;Anderson Luiz Barreto da Silva;Sociedade civil;Titular;Música
Cultura;Peterson Lobato Azevedo;Sociedade civil;Suplente;Música
Cultura;Humberto Fernandes;Sociedade civil;Titular;Patrimônio Histórico
Cultura;Edmilson Antônio Mota;Sociedade civil;Suplente;Patrimônio Histórico
Cultura;Fabrício da Silva Simões;Sociedade civil;Titular;Teatro
Cultura;Liana Macabu de Sousa Soares;Sociedade civil;Suplente;Teatro
ALIMENTAÇÃO ESCOLAR ;Wagner de Paula Almeida Pereira;Poder Público;titular;REPRESENTANTES DO PODER EXECUTIVO
ALIMENTAÇÃO ESCOLAR ; Alessandra Frasnelli Faria;Poder Público;Suplente;REPRESENTANTES DO PODER EXECUTIVO
ALIMENTAÇÃO ESCOLAR ;Ilbenir Pessanha Crespo;Sociedade civil;titular;REPRESENTANTES DA SOCIEDADE CIVIL
ALIMENTAÇÃO ESCOLAR ;Ricardo Gonçalves de Carvalho;Sociedade civil;Suplente;REPRESENTANTES DA SOCIEDADE CIVIL
ALIMENTAÇÃO ESCOLAR ;Rosana Corrêa Juncá;Sociedade civil;titular;REPRESENTANTES DA SOCIEDADE CIVIL
ALIMENTAÇÃO ESCOLAR ;Maria Aparecida Imbeloni Henriques;Sociedade civil;Suplente;REPRESENTANTES DA SOCIEDADE CIVIL
ALIMENTAÇÃO ESCOLAR ;Maria Helena Cordeiro;Sociedade civil;titular;REPRESENTANTES DOS PAIS DE ALUNOS
ALIMENTAÇÃO ESCOLAR ;Fabiana Campista Angelo;Sociedade civil;Suplente;REPRESENTANTES DOS PAIS DE ALUNOS
ALIMENTAÇÃO ESCOLAR ;Érika Alves da Silva Ramos;Sociedade civil;titular;REPRESENTANTES DOS PAIS DE ALUNOS
ALIMENTAÇÃO ESCOLAR ;Cristiane dos Passos da Silva;Sociedade civil;Suplente;REPRESENTANTES DOS PAIS DE ALUNOS
ALIMENTAÇÃO ESCOLAR ;Helmar Amorim de Souza Oliveira;Sociedade civil;titular;REPRESENTANTES DE DOCENTES, DISCENTES OU TRABALHADORES NA ÁREA DE EDUCAÇÃO
ALIMENTAÇÃO ESCOLAR ;Odete Pereira da Rocha;Sociedade civil;Suplente;REPRESENTANTES DE DOCENTES, DISCENTES OU TRABALHADORES NA ÁREA DE EDUCAÇÃO
ALIMENTAÇÃO ESCOLAR ;Dalicéa Schueller dos Santos;Sociedade civil;titular;REPRESENTANTES DE DOCENTES, DISCENTES OU TRABALHADORES NA ÁREA DE EDUCAÇÃO
ALIMENTAÇÃO ESCOLAR ;Isabel Cristina Pinto Pinheiro;Sociedade civil;Suplente;REPRESENTANTES DE DOCENTES, DISCENTES OU TRABALHADORES NA ÁREA DE EDUCAÇÃO
Meio Ambiente e Saneamento;Carlos Ronald Macabu Arêas;Poder Público;Titular;Secretaria Municipal de Desenvolvimento Ambiental
Meio Ambiente e Saneamento;Roger Rangel Coutinho;Poder Público;Suplente;Secretaria Municipal de Desenvolvimento Ambiental
Meio Ambiente e Saneamento;Francisco Eduardo Leal;Poder Público;Titular;Secretaria Municipal de Infraestrutura e Mobilidade Urbana
Meio Ambiente e Saneamento;Cirabel Ribeiro Paes;Poder Público;Suplente;Secretaria Municipal de Infraestrutura e Mobilidade Urbana
Meio Ambiente e Saneamento;Ivan Lúcio Reis Fagundes;Poder Público;Titular;Coordenadoria da Defesa Civil Municipal
Meio Ambiente e Saneamento;Leandro Paiva Silva;Poder Público;Suplente;Coordenadoria da Defesa Civil Municipal
Meio Ambiente e Saneamento;Doménico de Souza Ribeiro;Poder Público;Titular;Empresa Municipal de Habitação- EMHAB
Meio Ambiente e Saneamento;André Luis da Silva Boviot;Poder Público;Suplente;Empresa Municipal de Habitação- EMHAB
Meio Ambiente e Saneamento;José Quintino Barreto Neto;Poder Público;Titular;Procuradoria Geral do Município
Meio Ambiente e Saneamento;Larissa Ferreira Rocha;Poder Público;Suplente;Procuradoria Geral do Município
Meio Ambiente e Saneamento;Hans Muylaert;Poder Público;Titular;Secretaria Municipal de Desenvolvimento Econômico
Meio Ambiente e Saneamento;Maria Aparecida Praxedes da Penha;Poder Público;Suplente;Secretaria Municipal de Desenvolvimento Econômico
Meio Ambiente e Saneamento;Tânia Márcia Ferreira Freitas;Poder Público;Titular;Superintendência de Ciências, Tecnologia e Inovação
Meio Ambiente e Saneamento;Lilian Neto Barroso;Poder Público;Suplente;Superintendência de Ciências, Tecnologia e Inovação
Meio Ambiente e Saneamento;Nildo Nunes Cardoso;Poder Público;Titular;Superintendência de Agricultura e Pecuária
Meio Ambiente e Saneamento;Gedison Canal Cesati;Poder Público;Suplente;Superintendência de Agricultura e Pecuária
Meio Ambiente e Saneamento;George Mendes Marinho;Sociedade civil;Titular;Conselho Regional de Engenharia e Agronomia- CREA-RJ
Meio Ambiente e Saneamento;Paulo Jorge Xavier de Souza;Sociedade civil;Suplente;Conselho Regional de Engenharia e Agronomia- CREA-RJ
Meio Ambiente e Saneamento;Ronaldo Bartholomeu dos Santos Filho;Sociedade civil;Titular;Sindicato Rural de Campos
Meio Ambiente e Saneamento;José do Amaral Ribeiro Gomes;Sociedade civil;Suplente;Sindicato Rural de Campos
Meio Ambiente e Saneamento;Ricardo Cabral da Cruz;Sociedade civil;Titular;Instituto Solar Brasil de Desenvolvimento, Saúde e Pesquisa - ISOBRAS
Meio Ambiente e Saneamento;Sandro Abreu Cezario;Sociedade civil;Suplente;Instituto Solar Brasil de Desenvolvimento, Saúde e Pesquisa - ISOBRAS
Meio Ambiente e Saneamento;Daniella Torres de Almeida Pereira;Sociedade civil;Titular;Fundação Centro Brasileiro de proteção e Pesquisas das Tartarugas Marinhas (PRO-TAMAR)
Meio Ambiente e Saneamento;Luis Maurício Nogueira de Andrade;Sociedade civil;Suplente;Fundação Centro Brasileiro de proteção e Pesquisas das Tartarugas Marinhas (PRO-TAMAR)
Meio Ambiente e Saneamento;Milton Erthal Junior;Sociedade civil;Titular;Universidade Cândido Mendes - UCAM
Meio Ambiente e Saneamento;Rodrigo Lira;Sociedade civil;Suplente;Universidade Cândido Mendes - UCAM
Meio Ambiente e Saneamento;Aprígio Barcelos;Sociedade civil;Titular;Associação Raízes
Meio Ambiente e Saneamento;Aline Iara Crissostomo Carvalho Rocha;Sociedade civil;Suplente;Associação Raízes
Meio Ambiente e Saneamento;Eraldo Mothé Barcelar da Silva;Sociedade civil;Titular;Fundação Norte Fluminense de Desenvolvimento Regional - FUNDERNOR
Meio Ambiente e Saneamento;Guilherme Nogueira de Aguiar;Sociedade civil;Suplente;Fundação Norte Fluminense de Desenvolvimento Regional - FUNDERNOR
Meio Ambiente e Saneamento;Vanda Terezinha Vasconcelos;Sociedade civil;Titular;Associação Fluminense de Medicina e Cirurgia
Meio Ambiente e Saneamento;Ricardo Venâncio Juliboni;Sociedade civil;Suplente;Associação Fluminense de Medicina e Cirurgia
POLÍTICA AGRÍCOLA E PECUÁRIA;Luisa Barreto Saramago;Poder Público;Titular;EMATER – RIO (Empresa Assistência Técnica Extensão Rural do Estado do Rio de Janeiro)
POLÍTICA AGRÍCOLA E PECUÁRIA;Luiz Carlos Teixeira Guimarães;Poder Público;Suplente;EMATER – RIO (Empresa Assistência Técnica Extensão Rural do Estado do Rio de Janeiro)
POLÍTICA AGRÍCOLA E PECUÁRIA;Carlos Frederico de Menezes Veiga;Poder Público;Titular;UFRRJ – Universidade Federal Rural do Rio de Janeiro
POLÍTICA AGRÍCOLA E PECUÁRIA;Tamys Luiz Fernandes;Poder Público;Suplente;UFRRJ – Universidade Federal Rural do Rio de Janeiro
POLÍTICA AGRÍCOLA E PECUÁRIA;Álvaro César Gomes Faria;Poder Público;Titular;Câmara Municipal de Campos dos Goytacazes
POLÍTICA AGRÍCOLA E PECUÁRIA;Jairo Videira Macedo;Poder Público;Suplente;Câmara Municipal de Campos dos Goytacazes
POLÍTICA AGRÍCOLA E PECUÁRIA;Carlos Ronald Macabu Arêas;Poder Público;Titular;Secretaria Municipal de Desenvolvimento Ambiental
POLÍTICA AGRÍCOLA E PECUÁRIA;Diogo Sodré Figueiredo Ferreira;Poder Público;Suplente;Secretaria Municipal de Desenvolvimento Ambiental
POLÍTICA AGRÍCOLA E PECUÁRIA;Carlos Roberto dos Santos Faria;Poder Público;Titular;Ministério da Agricultura, Pecuária e Abastecimento – Campos dos Goytacazes – SFA/RJ
POLÍTICA AGRÍCOLA E PECUÁRIA;Jorge Luis de Souza Crespo;Poder Público;Suplente;Ministério da Agricultura, Pecuária e Abastecimento – Campos dos Goytacazes – SFA/RJ
POLÍTICA AGRÍCOLA E PECUÁRIA;Vera Cardoso de Melo;Poder Público;Titular;Secretaria Municipal de Saúde
POLÍTICA AGRÍCOLA E PECUÁRIA;Ricardo Andrade Corrêa;Poder Público;Suplente;Secretaria Municipal de Saúde
POLÍTICA AGRÍCOLA E PECUÁRIA;Leandro Ramos Barreto;Poder Público;Titular;Secretaria Municipal de Agricultura
POLÍTICA AGRÍCOLA E PECUÁRIA;Gedison Cesati Canal;Poder Público;Suplente;Secretaria Municipal de Agricultura
POLÍTICA AGRÍCOLA E PECUÁRIA;Wagner de Paula Almeida Pereira;Poder Público;Titular;Secretaria Municipal de Educação, Cultura e Esporte - SMECE
POLÍTICA AGRÍCOLA E PECUÁRIA;Lucimara Alves de Souza dos Santos;Poder Público;Suplente;Secretaria Municipal de Educação, Cultura e Esporte - SMECE
POLÍTICA AGRÍCOLA E PECUÁRIA;Danielle da Cunha Lessa Quilici;Poder Público;Titular;Secretaria Municipal de Desenvolvimento Humano e Social - SMDHS
POLÍTICA AGRÍCOLA E PECUÁRIA;Márcia Valéria Soares Assed;Poder Público;Suplente;Secretaria Municipal de Desenvolvimento Humano e Social - SMDHS
POLÍTICA AGRÍCOLA E PECUÁRIA;Marcel Cardoso e Cardoso;Poder Público;Titular;CODEMCA – Companhia do Desenvolvimento do Município de Campos dos Goytacazes
POLÍTICA AGRÍCOLA E PECUÁRIA;Carlos Vinícius Viana Vieira;Poder Público;Suplente;CODEMCA – Companhia do Desenvolvimento do Município de Campos dos Goytacazes
POLÍTICA AGRÍCOLA E PECUÁRIA;Ronaldo Soares Pinto;Poder Público;Titular;PESAGRO-RIO (Empresa de Pesquisa Agropecuária do Estado do Rio de Janeiro)
POLÍTICA AGRÍCOLA E PECUÁRIA;José Márcio Ferreira;Poder Público;Suplente;PESAGRO-RIO (Empresa de Pesquisa Agropecuária do Estado do Rio de Janeiro)
POLÍTICA AGRÍCOLA E PECUÁRIA;Tito Lívio Campello Inojosa de Andrade;Sociedade civil;Titular;Associação Norte Fluminense dos Plantadores de Cana
POLÍTICA AGRÍCOLA E PECUÁRIA;Luis Marcos Barreto da Silva;Sociedade civil;Suplente;Associação Norte Fluminense dos Plantadores de Cana
POLÍTICA AGRÍCOLA E PECUÁRIA;Paulo Honorato;Sociedade civil;Titular;Sindicato dos Trabalhadores Rurais
POLÍTICA AGRÍCOLA E PECUÁRIA;Paulo Roberto Flôr;Sociedade civil;Suplente;Sindicato dos Trabalhadores Rurais
POLÍTICA AGRÍCOLA E PECUÁRIA;Ronaldo Bartholomeu dos Santos Júnior;Sociedade civil;Titular;Sindicato Rural de Campos dos Goytacazes
POLÍTICA AGRÍCOLA E PECUÁRIA;Ângelo José Burla Dias;Sociedade civil;Suplente;Sindicato Rural de Campos dos Goytacazes
POLÍTICA AGRÍCOLA E PECUÁRIA;Jurandir Pereira Neto;Sociedade civil;Titular;Associação dos Produtores da Feira da Roça
POLÍTICA AGRÍCOLA E PECUÁRIA;Elber Salve;Sociedade civil;Suplente;Associação dos Produtores da Feira da Roça
POLÍTICA AGRÍCOLA E PECUÁRIA;João Gomes de Siqueira;Sociedade civil;Titular;Comitê de Bacia da Região Hidrográfica do Baixo Paraíba do Sul e Itabapoana
POLÍTICA AGRÍCOLA E PECUÁRIA;Zenilson Coutinho do Amaral;Sociedade civil;Suplente;Comitê de Bacia da Região Hidrográfica do Baixo Paraíba do Sul e Itabapoana
POLÍTICA AGRÍCOLA E PECUÁRIA;Leandro Rodrigues Galaxy;Sociedade civil;Titular;Associação dos Produtores Rurais de Pecuária Leiteira
POLÍTICA AGRÍCOLA E PECUÁRIA;Sebastião da Silva;Sociedade civil;Suplente;Associação dos Produtores Rurais de Pecuária Leiteira
POLÍTICA AGRÍCOLA E PECUÁRIA;Gil Roberto Afonso de Menezes;Sociedade civil;Titular;SICOOB – Sistema de Cooperativas de Crédito do Brasil
POLÍTICA AGRÍCOLA E PECUÁRIA;Maria Agda Pelegrini Rosa;Sociedade civil;Suplente;SICOOB – Sistema de Cooperativas de Crédito do Brasil
POLÍTICA AGRÍCOLA E PECUÁRIA;José Luiz Lobo Escocard;Sociedade civil;Titular;ACIC – Associação Comercial e Industrial de Campos
POLÍTICA AGRÍCOLA E PECUÁRIA;Ricardo Cabral da Cruz;Sociedade civil;Suplente;ACIC – Associação Comercial e Industrial de Campos
POLÍTICA AGRÍCOLA E PECUÁRIA;Rodrigo Braga Souza;Sociedade civil;Titular;Banco do Brasil
POLÍTICA AGRÍCOLA E PECUÁRIA;Eduardo Felipe Nobre Mendonça;Sociedade civil;Suplente;Banco do Brasil
POLÍTICA AGRÍCOLA E PECUÁRIA;Gilberto Soares dos Reis;Sociedade civil;Titular;SEBRAE – Serviço de Apoio às Micro e Pequenas Empresas do Rio de Jane
POLÍTICA AGRÍCOLA E PECUÁRIA;Patrícia Nogueira Buchaul;Sociedade civil;Suplente;SEBRAE – Serviço de Apoio às Micro e Pequenas Empresas do Rio de Jane
POLÍTICA AGRÍCOLA E PECUÁRIA;Frederico Rangel Paes;Sociedade civil;Titular;FIRJAN – Federação das Indústrias do Estado do Rio de Janeiro
POLÍTICA AGRÍCOLA E PECUÁRIA;Oziel Batista Crespo Filho;Sociedade civil;Suplente;FIRJAN – Federação das Indústrias do Estado do Rio de Janeiro
PROMOÇÃO DA IGUALDADE RACIAL;Rogério Soares de Siqueira;Poder Público;Titular;Superintendência da Igualdade Racial
PROMOÇÃO DA IGUALDADE RACIAL;Ricardo da Silva Viana;Poder Público;Suplente;Superintendência da Igualdade Racial
PROMOÇÃO DA IGUALDADE RACIAL;Graziela Escocard Ribeiro;Poder Público;Titular;Fundação Cultural Jornalista Oswaldo Lima
PROMOÇÃO DA IGUALDADE RACIAL;Carlos Roberto Bastos Freitas;Poder Público;Suplente;Fundação Cultural Jornalista Oswaldo Lima
PROMOÇÃO DA IGUALDADE RACIAL;Thaís Chaves Soares Pessanha;Poder Público;Titular;Secretaria Municipal de Desenvolvimento Humano e Social
PROMOÇÃO DA IGUALDADE RACIAL;Raquel Almeida Gonçalves Santos;Poder Público;Suplente;Secretaria Municipal de Desenvolvimento Humano e Social
PROMOÇÃO DA IGUALDADE RACIAL;Luana Rodrigues da Silva;Poder Público;Titular;Fundação Municipal da Infância e da Juventude
PROMOÇÃO DA IGUALDADE RACIAL;Tatiana Freire Ferreira;Poder Público;Suplente;Fundação Municipal da Infância e da Juventude
PROMOÇÃO DA IGUALDADE RACIAL;Fernando Antônio Leite Cabral Loureiro;Poder Público;Titular;Secretaria Municipal de Transparência e Controle
PROMOÇÃO DA IGUALDADE RACIAL;Maria Angelica Rocha Gama;Poder Público;Suplente;Secretaria Municipal de Transparência e Controle
PROMOÇÃO DA IGUALDADE RACIAL;César Siqueira de Souza;Poder Público;Titular;Fundação Municipal de Esporte
PROMOÇÃO DA IGUALDADE RACIAL;Wellington Passos;Poder Público;Suplente;Fundação Municipal de Esporte
PROMOÇÃO DA IGUALDADE RACIAL;Rogério Siqueira Dias Maciel;Poder Público;Titular;Procuradoria Geral do Município
PROMOÇÃO DA IGUALDADE RACIAL;Marcos Vinícius Soares de Souza;Poder Público;Suplente;Procuradoria Geral do Município
PROMOÇÃO DA IGUALDADE RACIAL;José Roberto Pessanha;Poder Público;Titular;Superintendência de Pesca e Agricultura
PROMOÇÃO DA IGUALDADE RACIAL;José Armando Ribeiro Barreto;Poder Público;Suplente;Superintendência de Pesca e Agricultura
PROMOÇÃO DA IGUALDADE RACIAL;Roberto Barcellos Pessanha Crespo;Poder Público;Titular;Secretaria Municipal de Educação, Cultura e Esporte
PROMOÇÃO DA IGUALDADE RACIAL;Eliedma Pires Dutra da Conceição;Poder Público;Suplente;Secretaria Municipal de Educação, Cultura e Esporte
PROMOÇÃO DA IGUALDADE RACIAL;Rosângela Gomes Paulo;Poder Público;Titular;Secretaria Municipal de Saúde
PROMOÇÃO DA IGUALDADE RACIAL;Celeste da Silva Gomes;Poder Público;Suplente;Secretaria Municipal de Saúde
PROMOÇÃO DA IGUALDADE RACIAL;Maria José Serafim Jorge;Sociedade civil;Titular;Movimento Campista de Pesquisa e Cultura Negra (MCPCN)
PROMOÇÃO DA IGUALDADE RACIAL;Clécia Maria Almeida;Sociedade civil;Suplente;Movimento Campista de Pesquisa e Cultura Negra (MCPCN)
PROMOÇÃO DA IGUALDADE RACIAL;Patrícia Xavier Honorato;Sociedade civil;Titular;Associação dos Pequenos Produtores Rurais e Quilombolas de Aleluia, Batatal e Cambucá (APROBAL)
PROMOÇÃO DA IGUALDADE RACIAL;Tatiana dos Santos Almeida;Sociedade civil;Suplente;Associação dos Pequenos Produtores Rurais e Quilombolas de Aleluia, Batatal e Cambucá (APROBAL)
PROMOÇÃO DA IGUALDADE RACIAL;Lucimara Pereira Muniz;Sociedade civil;Titular;Instituto de Desenvolvimento Afro do Norte Noroeste Fluminense
PROMOÇÃO DA IGUALDADE RACIAL;Maurício Teixeira;Sociedade civil;Suplente;Instituto de Desenvolvimento Afro do Norte Noroeste Fluminense
PROMOÇÃO DA IGUALDADE RACIAL;Valquiria Rocha Servo;Sociedade civil;Titular;Sindicato dos Trabalhadores Rurais
PROMOÇÃO DA IGUALDADE RACIAL;Paulo Honorato;Sociedade civil;Suplente;Sindicato dos Trabalhadores Rurais
PROMOÇÃO DA IGUALDADE RACIAL;Manuelli Batista Ramos;Sociedade civil;Titular;Escola de Arte e Cultura Popular Mãos Negras
PROMOÇÃO DA IGUALDADE RACIAL;Patricia Dias Silva dos Santos;Sociedade civil;Suplente;Escola de Arte e Cultura Popular Mãos Negras
PROMOÇÃO DA IGUALDADE RACIAL;Gilberto Firmino Coutinho Junior;Sociedade civil;Titular;Fórum Municipal de Religiões Afro Brasileiras (FRAB)
PROMOÇÃO DA IGUALDADE RACIAL;Leo Darmont de Alvarenga;Sociedade civil;Suplente;Fórum Municipal de Religiões Afro Brasileiras (FRAB)
PROMOÇÃO DA IGUALDADE RACIAL;Neicia Dabra da Penha Rosa de Araújo;Sociedade civil;Titular;União de negros pela igualdade (UNEGRO Campos)
PROMOÇÃO DA IGUALDADE RACIAL;Lediane Reis de Souza;Sociedade civil;Suplente;União de negros pela igualdade (UNEGRO Campos)
PROMOÇÃO DA IGUALDADE RACIAL;João José Ribeiro Damásio;Sociedade civil;Titular;Associação Nacional em Defesa dos Consumidores de Serviços Essenciais (ANADECOSE)
PROMOÇÃO DA IGUALDADE RACIAL;Eduardo Robson Guedes de Assis;Sociedade civil;Suplente;Associação Nacional em Defesa dos Consumidores de Serviços Essenciais (ANADECOSE)
PROMOÇÃO DA IGUALDADE RACIAL;Victor Hugo Ribeiro Almeida;Sociedade civil;Titular;Nação Basquete de Rua (NBR)
PROMOÇÃO DA IGUALDADE RACIAL;Tamillys Lirio da Silva;Sociedade civil;Suplente;Nação Basquete de Rua (NBR)
PROMOÇÃO DA IGUALDADE RACIAL;Sandro Abreu Cezário;Sociedade civil;Titular;Instituto Solar Brasil de Desenvolvimento Saúde e Pesquisa (ISOBRAS)
PROMOÇÃO DA IGUALDADE RACIAL;Ricardo Cabral da Cruz;Sociedade civil;Suplente;Instituto Solar Brasil de Desenvolvimento Saúde e Pesquisa (ISOBRAS)
PRESERVAÇÃO DO PATRIMÔNIO HISTÓRICO E CULTURAL;Maria Cristina Torres Lima;Poder Público;Titular;Fundação Cultural Jornalista Oswaldo Lima
PRESERVAÇÃO DO PATRIMÔNIO HISTÓRICO E CULTURAL;Rodrigo Espinosa Andrade;Poder Público;Suplente;Fundação Cultural Jornalista Oswaldo Lima
PRESERVAÇÃO DO PATRIMÔNIO HISTÓRICO E CULTURAL;José Paes Neto;Poder Público;Titular;Procuradoria Geral do Município
PRESERVAÇÃO DO PATRIMÔNIO HISTÓRICO E CULTURAL;Paolo Ney Bastos Marques Pereira;Poder Público;Suplente;Procuradoria Geral do Município
PRESERVAÇÃO DO PATRIMÔNIO HISTÓRICO E CULTURAL;Marcos Geovane Manhães;Poder Público;Titular;Secretaria Municipal de Desenvolvimento Ambiental
PRESERVAÇÃO DO PATRIMÔNIO HISTÓRICO E CULTURAL;Roger Rangel Coutinho;Poder Público;Suplente;Secretaria Municipal de Desenvolvimento Ambiental
PRESERVAÇÃO DO PATRIMÔNIO HISTÓRICO E CULTURAL;Edison Pessanha Braga;Poder Público;Titular;Coordenadoria de Defesa Civil
PRESERVAÇÃO DO PATRIMÔNIO HISTÓRICO E CULTURAL;Isabela Eduardo Rodrigues;Poder Público;Suplente;Coordenadoria de Defesa Civil
PRESERVAÇÃO DO PATRIMÔNIO HISTÓRICO E CULTURAL;Cledson Sampaio Bittencourt;Poder Público;Titular;Secretaria Municipal de Infraestrutura e Mobilidade Urbana
PRESERVAÇÃO DO PATRIMÔNIO HISTÓRICO E CULTURAL;Francisco Eduardo Leal;Poder Público;Suplente;Secretaria Municipal de Infraestrutura e Mobilidade Urbana
PRESERVAÇÃO DO PATRIMÔNIO HISTÓRICO E CULTURAL;Vitor Montalvão Oliveira;Poder Público;Titular;Superintendência de Postura
PRESERVAÇÃO DO PATRIMÔNIO HISTÓRICO E CULTURAL;Edson Moreira dos Reis;Poder Público;Suplente;Superintendência de Postura
PRESERVAÇÃO DO PATRIMÔNIO HISTÓRICO E CULTURAL;Brand Arenari;Poder Público;Titular;Secretaria Municipal de Educação, Cultura e Esportes
PRESERVAÇÃO DO PATRIMÔNIO HISTÓRICO E CULTURAL;Francisco Eduardo Freitas Ribeiro dos Santos Filho;Poder Público;Suplente;Secretaria Municipal de Educação, Cultura e Esportes
PRESERVAÇÃO DO PATRIMÔNIO HISTÓRICO E CULTURAL;Fernando Luiz Cavalcanti Loureiro;Sociedade civil;Titular;ASSOCIAÇÃO COMERCIAL E INDUSTRIAL DE CAMPOS - ACIC
PRESERVAÇÃO DO PATRIMÔNIO HISTÓRICO E CULTURAL;Rodolpho Carlos Jordão;Sociedade civil;Suplente;ASSOCIAÇÃO COMERCIAL E INDUSTRIAL DE CAMPOS - ACIC
PRESERVAÇÃO DO PATRIMÔNIO HISTÓRICO E CULTURAL;João Carlos de Souza Coutinho;Sociedade civil;Titular;INSTITUTOS SUPERIORES DE ENSINO DO CENSA - ISECENSA
PRESERVAÇÃO DO PATRIMÔNIO HISTÓRICO E CULTURAL;Ronaldo Araújo;Sociedade civil;Suplente;INSTITUTOS SUPERIORES DE ENSINO DO CENSA - ISECENSA
PRESERVAÇÃO DO PATRIMÔNIO HISTÓRICO E CULTURAL;Antônio Carlos Ornellas Berriel;Sociedade civil;Titular;INSTITUTO HISTÓRICO E GEOGRÁFICO DE CAMPOS DOS GOYTACAZES
PRESERVAÇÃO DO PATRIMÔNIO HISTÓRICO E CULTURAL;Vilmar Ferreira Rangel;Sociedade civil;Suplente;INSTITUTO HISTÓRICO E GEOGRÁFICO DE CAMPOS DOS GOYTACAZES
PRESERVAÇÃO DO PATRIMÔNIO HISTÓRICO E CULTURAL;Orlando Lino Pinheiro Portugal;Sociedade civil;Titular;CÂMARA DOS DIRETORES LOJISTAS – CDL
PRESERVAÇÃO DO PATRIMÔNIO HISTÓRICO E CULTURAL;Claudius Marcelo Arêas Alves;Sociedade civil;Suplente;CÂMARA DOS DIRETORES LOJISTAS – CDL
PRESERVAÇÃO DO PATRIMÔNIO HISTÓRICO E CULTURAL;Luis Carlos Cordeiro Chicri;Sociedade civil;Titular;COMERCIANTES E AMIGOS DA RUA JOÃO PESSOA E ADJACÊNCIAS – CAJORPA
PRESERVAÇÃO DO PATRIMÔNIO HISTÓRICO E CULTURAL;João Elias Waked Filho;Sociedade civil;Suplente;COMERCIANTES E AMIGOS DA RUA JOÃO PESSOA E ADJACÊNCIAS – CAJORPA
PRESERVAÇÃO DO PATRIMÔNIO HISTÓRICO E CULTURAL;Rodrigo Porto;Sociedade civil;Titular;ASSOCIAÇÃO NORTE FLUMINENSE DE ENGENHEIROS E ARQUITETOS – ANFEA
PRESERVAÇÃO DO PATRIMÔNIO HISTÓRICO E CULTURAL;Geovani Laurindo Filho;Sociedade civil;Suplente;ASSOCIAÇÃO NORTE FLUMINENSE DE ENGENHEIROS E ARQUITETOS – ANFEA
TURISMO;Hans Muylaert;Poder Público;;"Diretor de Turismo do Município
de Campos dos Goytacazes"
TURISMO;Roger Rangel Coutinho;Poder Público;;Secretaria de Desenvolvimento Ambiental
TURISMO;Edimilson Mota;Poder Público;;Universidade Federal Fluminense
TURISMO;Eduardo Pozitivo;Sociedade civil;;Convention Bureau de Campos dos Goytacazes
TURISMO;Marcelo Victor Ribeiro Oliveira;Mercado;;ACIC – Associação Comercial da Indústria e Comércio de Campos dos Goytacazes
TURISMO;Paulo Sergio Arantes de Oliveira;Poder Público;;Câmara Municipal de Campos dos Goytacazes
TURISMO;Enos Gama Junior;Poder Público;;Parque Estadual do Desengano
TURISMO;Everaldo Reis Tavares Rangel;Sociedade civil;;Representante Guias de Turismo
TURISMO;Pedro Lincoln Bessa;Poder Público;;Fundação Cultural Jornalista Oswaldo Lima
TURISMO;Carlos Alberto Pessanha Dias;Poder Público;;Fundação Municipal de Esportes
TURISMO;Adriano Serra;Mercado;;Palace Hotel
TURISMO;Ivanildo Cordeiro;Mercado;;ACIC – Associação Comercial da Indústria e Comércio de Campos dos Goytacazes
Acompanhamento e Controle Social do Fundo de Manutenção e Desenvolvimento da Educação Básica e de Valorização dos Profissionais da Educação;Guilherme Manhães da Silva;Poder Público;Titular;SMECE
Acompanhamento e Controle Social do Fundo de Manutenção e Desenvolvimento da Educação Básica e de Valorização dos Profissionais da Educação;Wagner de Paula Almeida Pereira;Poder Público;Suplente;SMECE
Acompanhamento e Controle Social do Fundo de Manutenção e Desenvolvimento da Educação Básica e de Valorização dos Profissionais da Educação;Rosana de Souza Bastos;Poder Público;Titular;Poder Executivo Municipal
Acompanhamento e Controle Social do Fundo de Manutenção e Desenvolvimento da Educação Básica e de Valorização dos Profissionais da Educação;Renykson dos Santos Jardim;Poder Público;Suplente;Poder Executivo Municipal
Acompanhamento e Controle Social do Fundo de Manutenção e Desenvolvimento da Educação Básica e de Valorização dos Profissionais da Educação;Graciete Santana Nogueira Nunes;Poder Público;Titular;professores da educação básica pública
Acompanhamento e Controle Social do Fundo de Manutenção e Desenvolvimento da Educação Básica e de Valorização dos Profissionais da Educação;Odisseia Pinto de Carvalho;Poder Público;Suplente;professores da educação básica pública
Acompanhamento e Controle Social do Fundo de Manutenção e Desenvolvimento da Educação Básica e de Valorização dos Profissionais da Educação;Christiane Monteiro Alves Tinoco Leite;Poder Público;Titular;Diretores das escolas básicas públicas
Acompanhamento e Controle Social do Fundo de Manutenção e Desenvolvimento da Educação Básica e de Valorização dos Profissionais da Educação;Priscila Sá Champion Cabral;Poder Público;Suplente;Diretores das escolas básicas públicas
Acompanhamento e Controle Social do Fundo de Manutenção e Desenvolvimento da Educação Básica e de Valorização dos Profissionais da Educação;Andréa da Silva Pinto Lobo de Azeve;Poder Público;Titular;Servidores Técnico-Administrativos das escolas básicas públicas – SIPROSEP
Acompanhamento e Controle Social do Fundo de Manutenção e Desenvolvimento da Educação Básica e de Valorização dos Profissionais da Educação;Dalicea Schuller dos Santos;Poder Público;Suplente;Servidores Técnico-Administrativos das escolas básicas públicas – SIPROSEP
Acompanhamento e Controle Social do Fundo de Manutenção e Desenvolvimento da Educação Básica e de Valorização dos Profissionais da Educação;Jhoni Barros da Silva;Sociedade civil;Titular;Pais de alunos da educação básica pública
Acompanhamento e Controle Social do Fundo de Manutenção e Desenvolvimento da Educação Básica e de Valorização dos Profissionais da Educação;Alexandre da Silva;Sociedade civil;Suplente;Pais de alunos da educação básica pública
Acompanhamento e Controle Social do Fundo de Manutenção e Desenvolvimento da Educação Básica e de Valorização dos Profissionais da Educação;Angela Patrícia Ricardo da Silva;Sociedade civil;Titular;Pais de alunos da educação básica pública
Acompanhamento e Controle Social do Fundo de Manutenção e Desenvolvimento da Educação Básica e de Valorização dos Profissionais da Educação;Patrícia Ferreira de Carvalho;Sociedade civil;Suplente;Pais de alunos da educação básica pública
Acompanhamento e Controle Social do Fundo de Manutenção e Desenvolvimento da Educação Básica e de Valorização dos Profissionais da Educação;Marcos Messias da Silva Santos;Sociedade civil;Titular;estudantes da educação básica pública
Acompanhamento e Controle Social do Fundo de Manutenção e Desenvolvimento da Educação Básica e de Valorização dos Profissionais da Educação;Taísa Santos Dias;Sociedade civil;Suplente;estudantes da educação básica pública
Acompanhamento e Controle Social do Fundo de Manutenção e Desenvolvimento da Educação Básica e de Valorização dos Profissionais da Educação;Gabriel Henrique Barbosa Carvalho;Sociedade civil;Titular;estudantes secundaristas
Acompanhamento e Controle Social do Fundo de Manutenção e Desenvolvimento da Educação Básica e de Valorização dos Profissionais da Educação;Ana Luisa Pereira dos Santos Pessanha;Sociedade civil;Suplente;estudantes secundaristas
Acompanhamento e Controle Social do Fundo de Manutenção e Desenvolvimento da Educação Básica e de Valorização dos Profissionais da Educação;Helmar Amorim de Souza Oliveira;Sociedade civil;Titular;Conselho Municipal de Educação
Acompanhamento e Controle Social do Fundo de Manutenção e Desenvolvimento da Educação Básica e de Valorização dos Profissionais da Educação;Otávia Dias;Sociedade civil;Suplente;Conselho Municipal de Educação
Acompanhamento e Controle Social do Fundo de Manutenção e Desenvolvimento da Educação Básica e de Valorização dos Profissionais da Educação;Geovana Oliveira Almeida;Sociedade civil;Titular;Conselho Tutelar
Acompanhamento e Controle Social do Fundo de Manutenção e Desenvolvimento da Educação Básica e de Valorização dos Profissionais da Educação;Alessandra Crespo Rosa;Sociedade civil;Suplente;Conselho Tutelar
Combate à corrupção;José Paes Neto;Poder Público;Titular;Procuradoria Geral do Município
Combate à corrupção;Bruno Glória Silva;Poder Público;Suplente;Procuradoria Geral do Município
Combate à corrupção;Marcilene Barreto Nunes Dafl on;Poder Público;Titular;Secretaria da Transparência e Controle
Combate à corrupção;Gisely Nunes Moço Barbosa;Poder Público;Suplente;Secretaria da Transparência e Controle
Combate à corrupção;André Luiz Gomes de Oliveira;Poder Público;Titular;Secretaria Municipal de Gestão Pública
Combate à corrupção;Thaynam Silva Bairral França Gonçalves;Poder Público;Suplente;Secretaria Municipal de Gestão Pública
Combate à corrupção;Mariana Souza Oliveira Lontra Costa;Poder Público;Titular;Gabinete do Prefeito
Combate à corrupção;Sergio Renne Borges de Menezes Junior;Poder Público;Suplente;Gabinete do Prefeito
Combate à corrupção;Ricardo André de Vasconcelos Alvarenga;Sociedade Civil;Titular;Associação de Imprensa Campista
Combate à corrupção;Cássio Leandro Moreira Peixoto;Sociedade Civil;Suplente;Associação de Imprensa Campista
Combate à corrupção;Sérgio de Azevedo Almeida;Sociedade Civil;Titular;SIPROSEP
Combate à corrupção;Dalicéa Schueler dos Sant;Sociedade Civil;Suplente;SIPROSEP
Combate à corrupção;Rafael Crespo Maciel Machado;Sociedade Civil;Titular;OAB/CAMPOS/RJ
Combate à corrupção;Kelly Viter Campos;Sociedade Civil;Suplente;OAB/CAMPOS/RJ
Combate à corrupção;Cláudio Nogueira Andrade Filho;Sociedade Civil;Titular;Câmara Municipal de Campos
Combate à corrupção;Paulo César Genásio de Souza;Sociedade Civil;Suplente;Câmara Municipal de Campos
Defesa do Consumidor;Douglas Leonard Queiroz Pessanha;Poder Público;Titular;SUPERINTENDÊNCIA DO PROCON
Defesa do Consumidor;Bruno da Silva Lopes;Poder Público;Suplente;SUPERINTENDÊNCIA DO PROCON
Defesa do Consumidor;Robson de Lima Braga;Poder Público;Titular;MUNICIPAL DE EDUCAÇÃO, CULTURA E ESPORTES
Defesa do Consumidor;Joana de Freitas Tavares Campista;Poder Público;Suplente;MUNICIPAL DE EDUCAÇÃO, CULTURA E ESPORTES
Defesa do Consumidor;Vera Cardoso de Melo;Poder Público;Titular;VIGILÂNCIA SANITÁRIA MUNICIPAL
Defesa do Consumidor;Elana Martins Rodrigues;Poder Público;Suplente;VIGILÂNCIA SANITÁRIA MUNICIPAL
Defesa do Consumidor;Mariano Amorin;poder Público;Titular;SECRETARIA MUNICIPAL DE FAZENDA
Defesa do Consumidor;Janaína Gomes Viana;poder Público;Suplente;SECRETARIA MUNICIPAL DE FAZENDA
Defesa do Consumidor;Nildo Nunes Cardoso;Poder Público;Titular;Superintendência de Agricultura e Pecuária
Defesa do Consumidor;Gedison Cesati Canal;Poder Público;Suplente;Superintendência de Agricultura e Pecuária
Defesa do Consumidor;Rodolpho Carlos Jordão;Mercado;Titular;ASSOCIAÇÃO COMERCIAL E INDUSTRIAL DE CAMPOS - ACIC
Defesa do Consumidor;Gerson de Souza Gomes;Mercado;Suplente;ASSOCIAÇÃO COMERCIAL E INDUSTRIAL DE CAMPOS - ACIC
"Conselho Deliberativo do Instituto de Previdência dos Servidores do
Município de Campos dos Goytacazes - PREVICAMPOS";Leonardo Barreto Almeida Filho;Poder Público;Titular;Indicação do prefeito municipal
"Conselho Deliberativo do Instituto de Previdência dos Servidores do
Município de Campos dos Goytacazes - PREVICAMPOS";Diego Suisso da Hora;Poder Público;titular;Indicação do prefeito municipal
"Conselho Deliberativo do Instituto de Previdência dos Servidores do
Município de Campos dos Goytacazes - PREVICAMPOS";Gisely Nunes Moço Barbosa;Poder Público;titular;Indicação do prefeito municipal
"Conselho Deliberativo do Instituto de Previdência dos Servidores do
Município de Campos dos Goytacazes - PREVICAMPOS";Thais de Maria Gomes de Andrade Ramos;Poder Público;suplente;Indicação do prefeito municipal
"Conselho Deliberativo do Instituto de Previdência dos Servidores do
Município de Campos dos Goytacazes - PREVICAMPOS";Manuela Rodrigues D'Oliveira Portugal;Poder Público;suplente;Indicação do prefeito municipal
"Conselho Deliberativo do Instituto de Previdência dos Servidores do
Município de Campos dos Goytacazes - PREVICAMPOS";Marcos Vinicios Soares de Souza;Poder Público;suplente;Indicação do prefeito municipal
"Conselho Deliberativo do Instituto de Previdência dos Servidores do
Município de Campos dos Goytacazes - PREVICAMPOS";Alexandre Crespo Stoller;Sociedade civil;titular;SIPROSEP
"Conselho Deliberativo do Instituto de Previdência dos Servidores do
Município de Campos dos Goytacazes - PREVICAMPOS";Elaine Fontes Leão;Sociedade civil;titular;SIPROSEP
"Conselho Deliberativo do Instituto de Previdência dos Servidores do
Município de Campos dos Goytacazes - PREVICAMPOS";Fábio de Azevedo Almeida;Sociedade civil;titular;SIPROSEP
"Conselho Deliberativo do Instituto de Previdência dos Servidores do
Município de Campos dos Goytacazes - PREVICAMPOS";Mário dos Santos Gomes;Sociedade civil;suplente;SIPROSEP
"Conselho Deliberativo do Instituto de Previdência dos Servidores do
Município de Campos dos Goytacazes - PREVICAMPOS";Ronald de Souza Pereira;Sociedade civil;suplente;SIPROSEP
"Conselho Deliberativo do Instituto de Previdência dos Servidores do
Município de Campos dos Goytacazes - PREVICAMPOS";Antônio Augusto de Sá Rodrigues;Sociedade civil;suplente;SIPROSEP
Gestor do Fundecam;Rogério Fernandes Ribeiro Gomes;Poder Público;Titular;Superintendência do Trabalho e Renda
Gestor do Fundecam;Rosana Corrêa Juncá;Poder Público;Suplente;Superintendência do Trabalho e Renda
Gestor do Fundecam;Luiz Claudio Vieira;Poder Público;Titular;CIDAC
Gestor do Fundecam;Leonardo Gomes Mocaiber;Poder Público;Suplente;CIDAC
Gestor do Fundecam;Carlos Vinicius Viana Vieira;Poder Público;Titular;CODEMCA
Gestor do Fundecam;Marcel Cardoso e Cardoso;Poder Público;Suplente;CODEMCA
Gestor do Fundecam;José Paes Neto;Poder Público;Titular;Procuradoria
Gestor do Fundecam;Tainá de Oliveira Inácio;Poder Público;Suplente;Procuradoria
Gestor do Fundecam;Barreto Nunes Daflon;Poder Público;Titular;Secretaria da Transparência e Controle
Gestor do Fundecam;Gisely Nunes Moço Barbosa;Poder Público;Suplente;Secretaria da Transparência e Controle
Gestor do Fundecam;Evandro Guimarães Ferraz;Poder Público;Titular;Secretaria Municipal de Agricultura
Gestor do Fundecam;Leandro Ramos Barreto;Poder Público;Suplente;Secretaria Municipal de Agricultura
Gestor do Fundecam;Leonardo Diogenes Wigand Rodrigues;Poder Público;Titular;Secretaria de Fazenda
Gestor do Fundecam;Mariano Amorim;Poder Público;Suplente;Secretaria de Fazenda
Gestor do Fundecam;José Felipe Quintanilha França;Poder Público;Titular;Secretaria de Desenvolvimento Econômico
Gestor do Fundecam;Romeu e Silva Neto;Poder Público;Suplente;Secretaria de Desenvolvimento Econômico
